{
  "meta": {
    "data_version": "1.1.0",
    "created": "2022-07-28",
    "revision": 2
  },
  "info": {
    "balls_per_over": 6,
    "dates": [
      "2022-06-21"
    ],
    "event": {
      "name": "CG United Women's Super50",
      "group": "B"
    },
    "gender": "female",
    "match_type": "ODM",
    "officials": {
      "umpires": [
        "S Crawford",
        "N Shivsankar"
      ]
    },
    "outcome": {
      "winner": "Guyana",
      "by": {
        "wickets": 8
      }
    },
    "overs": 50,
    "players": {
      "Guyana": [
        "M Mangru",
        "KK Mentore",
        "SS Grimmond",
        "SA Campbelle",
        "S Gajnabi",
        "CS Fraser",
        "K Schultz",
        "TD Smartt",
        "A Munisar",
        "PO Millington",
        "EM Giddings"
      ],
      "Leeward Islands": [
        "M Clarke",
        "J Richards",
        "R Dolabaille",
        "S Hector",
        "S Willett",
        "A Freeman",
        "Terez Parker",
        "A Edwards",
        "R Liburd",
        "T Thorpe",
        "D Claxton"
      ]
    },
    "registry": {
      "people": {
        "A Edwards": "2a5ca58b",
        "A Freeman": "7be2bafa",
        "A Munisar": "a811cb83",
        "CS Fraser": "fb9a8cc3",
        "D Claxton": "6eb27d55",
        "EM Giddings": "b2289ae8",
        "J Richards": "0ab90734",
        "K Schultz": "6900060d",
        "KK Mentore": "df36df18",
        "M Clarke": "55ed4228",
        "M Mangru": "b9fec7a5",
        "N Shivsankar": "c3b9d654",
        "PO Millington": "b06ed525",
        "R Dolabaille": "dafe6397",
        "R Liburd": "1c918138",
        "S Crawford": "4b9184fd",
        "S Gajnabi": "c35739a1",
        "S Hector": "3faa312e",
        "S Willett": "bdc91516",
        "SA Campbelle": "a7cd72b2",
        "SS Grimmond": "6bebf334",
        "T Thorpe": "9e547805",
        "TD Smartt": "cc3884f9",
        "Terez Parker": "d871bec5"
      }
    },
    "season": "2022",
    "team_type": "club",
    "teams": [
      "Guyana",
      "Leeward Islands"
    ],
    "toss": {
      "decision": "bat",
      "winner": "Leeward Islands"
    },
    "venue": "Guyana National Stadium, Providence"
  },
  "innings": [
    {
      "team": "Leeward Islands",
      "overs": [
        {
          "over": 0,
          "deliveries": [
            {
              "batter": "J Richards",
              "bowler": "TD Smartt",
              "extras": {
                "wides": 1
              },
              "non_striker": "M Clarke",
              "runs": {
                "batter": 0,
                "extras": 1,
                "total": 1
              }
            },
            {
              "batter": "J Richards",
              "bowler": "TD Smartt",
              "non_striker": "M Clarke",
              "runs": {
                "batter": 0,
                "extras": 0,
                "total": 0
              }
            },
            {
              "batter": "J Richards",
              "bowler": "TD Smartt",
              "non_striker": "M Clarke",
              "runs": {
                "batter": 1,
                "extras": 0,
                "total": 1
              }
            },
            {
              "batter": "M Clarke",
              "bowler": "TD Smartt",
              "non_striker": "J Richards",
              "runs": {
                "batter": 0,
                "extras": 0,
                "total": 0
              }
            },
            {
              "batter": "M Clarke",
              "bowler": "TD Smartt",
              "non_striker": "J Richards",
              "runs": {
                "batter": 1,
                "extras": 0,
                "total": 1
              }
            },
            {
              "batter": "J Richards",
              "bowler": "TD Smartt",
              "non_striker": "M Clarke",
              "runs": {
                "batter": 0,
                "extras": 0,
                "total": 0
              }
            },
            {
              "batter": "J Richards",
              "bowler": "TD Smartt",
              "non_striker": "M Clarke",
              "runs": {
                "batter": 0,
                "extras": 0,
                "total": 0
              }
            }
          ]
        },
        {
          "over": 1,
          "deliveries": [
            {
              "batter": "M Clarke",
              "bowler": "CS Fraser",
              "extras": {
                "wides": 1
              },
              "non_striker": "J Richards",
              "runs": {
                "batter": 0,
                "extras": 1,
                "total": 1
              }
            },
            {
              "batter": "M Clarke",
              "bowler": "CS Fraser",
              "non_striker": "J Richards",
              "runs": {
                "batter": 1,
                "extras": 0,
                "total": 1
              }
            },
            {
              "batter": "J Richards",
              "bowler": "CS Fraser",
              "non_striker": "M Clarke",
              "runs": {
                "batter": 0,
                "extras": 0,
                "total": 0
              }
            },
            {
              "batter": "J Richards",
              "bowler": "CS Fraser",
              "non_striker": "M Clarke",
              "runs": {
                "batter": 0,
                "extras": 0,
                "total": 0
              }
            },
            {
              "batter": "J Richards",
              "bowler": "CS Fraser",
              "non_striker": "M Clarke",
              "runs": {
                "batter": 0,
                "extras": 0,
                "total": 0
              }
            },
            {
              "batter": "J Richards",
              "bowler": "CS Fraser",
              "non_striker": "M Clarke",
              "runs": {
                "batter": 0,
                "extras": 0,
                "total": 0
              }
            },
            {
              "batter": "J Richards",
              "bowler": "CS Fraser",
              "extras": {
                "wides": 1
              },
              "non_striker": "M Clarke",
              "runs": {
                "batter": 0,
                "extras": 1,
                "total": 1
              }
            },
            {
              "batter": "J Richards",
              "bowler": "CS Fraser",
              "non_striker": "M Clarke",
              "runs": {
                "batter": 0,
                "extras": 0,
                "total": 0
              }
            }
          ]
        },
        {
          "over": 2,
          "deliveries": [
            {
              "batter": "M Clarke",
              "bowler": "TD Smartt",
              "non_striker": "J Richards",
              "runs": {
                "batter": 0,
                "extras": 0,
                "total": 0
              }
            },
            {
              "batter": "M Clarke",
              "bowler": "TD Smartt",
              "non_striker": "J Richards",
              "runs": {
                "batter": 0,
                "extras": 0,
                "total": 0
              }
            },
            {
              "batter": "M Clarke",
              "bowler": "TD Smartt",
              "non_striker": "J Richards",
              "runs": {
                "batter": 0,
                "extras": 0,
                "total": 0
              }
            },
            {
              "batter": "M Clarke",
              "bowler": "TD Smartt",
              "non_striker": "J Richards",
              "runs": {
                "batter": 1,
                "extras": 0,
                "total": 1
              }
            },
            {
              "batter": "J Richards",
              "bowler": "TD Smartt",
              "non_striker": "M Clarke",
              "runs": {
                "batter": 0,
                "extras": 0,
                "total": 0
              }
            },
            {
              "batter": "J Richards",
              "bowler": "TD Smartt",
              "non_striker": "M Clarke",
              "runs": {
                "batter": 1,
                "extras": 0,
                "total": 1
              }
            }
          ]
        },
        {
          "over": 3,
          "deliveries": [
            {
              "batter": "J Richards",
              "bowler": "CS Fraser",
              "extras": {
                "wides": 1
              },
              "non_striker": "M Clarke",
              "runs": {
                "batter": 0,
                "extras": 1,
                "total": 1
              }
            },
            {
              "batter": "J Richards",
              "bowler": "CS Fraser",
              "non_striker": "M Clarke",
              "runs": {
                "batter": 0,
                "extras": 0,
                "total": 0
              },
              "wickets": [
                {
                  "player_out": "J Richards",
                  "fielders": [
                    {
                      "name": "M Mangru"
                    }
                  ],
                  "kind": "caught"
                }
              ]
            },
            {
              "batter": "R Dolabaille",
              "bowler": "CS Fraser",
              "non_striker": "M Clarke",
              "runs": {
                "batter": 0,
                "extras": 0,
                "total": 0
              }
            },
            {
              "batter": "R Dolabaille",
              "bowler": "CS Fraser",
              "non_striker": "M Clarke",
              "runs": {
                "batter": 0,
                "extras": 0,
                "total": 0
              }
            },
            {
              "batter": "R Dolabaille",
              "bowler": "CS Fraser",
              "non_striker": "M Clarke",
              "runs": {
                "batter": 0,
                "extras": 0,
                "total": 0
              }
            },
            {
              "batter": "R Dolabaille",
              "bowler": "CS Fraser",
              "non_striker": "M Clarke",
              "runs": {
                "batter": 0,
                "extras": 0,
                "total": 0
              }
            },
            {
              "batter": "R Dolabaille",
              "bowler": "CS Fraser",
              "non_striker": "M Clarke",
              "runs": {
                "batter": 0,
                "extras": 0,
                "total": 0
              }
            }
          ]
        },
        {
          "over": 4,
          "deliveries": [
            {
              "batter": "M Clarke",
              "bowler": "TD Smartt",
              "non_striker": "R Dolabaille",
              "runs": {
                "batter": 0,
                "extras": 0,
                "total": 0
              }
            },
            {
              "batter": "M Clarke",
              "bowler": "TD Smartt",
              "non_striker": "R Dolabaille",
              "runs": {
                "batter": 0,
                "extras": 0,
                "total": 0
              },
              "wickets": [
                {
                  "player_out": "M Clarke",
                  "fielders": [
                    {
                      "name": "SA Campbelle"
                    }
                  ],
                  "kind": "caught"
                }
              ]
            },
            {
              "batter": "S Hector",
              "bowler": "TD Smartt",
              "non_striker": "R Dolabaille",
              "runs": {
                "batter": 0,
                "extras": 0,
                "total": 0
              }
            },
            {
              "batter": "S Hector",
              "bowler": "TD Smartt",
              "non_striker": "R Dolabaille",
              "runs": {
                "batter": 0,
                "extras": 0,
                "total": 0
              }
            },
            {
              "batter": "S Hector",
              "bowler": "TD Smartt",
              "non_striker": "R Dolabaille",
              "runs": {
                "batter": 0,
                "extras": 0,
                "total": 0
              },
              "wickets": [
                {
                  "player_out": "S Hector",
                  "kind": "bowled"
                }
              ]
            },
            {
              "batter": "S Willett",
              "bowler": "TD Smartt",
              "non_striker": "R Dolabaille",
              "runs": {
                "batter": 0,
                "extras": 0,
                "total": 0
              }
            }
          ]
        },
        {
          "over": 5,
          "deliveries": [
            {
              "batter": "R Dolabaille",
              "bowler": "CS Fraser",
              "extras": {
                "wides": 2
              },
              "non_striker": "S Willett",
              "runs": {
                "batter": 0,
                "extras": 2,
                "total": 2
              }
            },
            {
              "batter": "S Willett",
              "bowler": "CS Fraser",
              "non_striker": "R Dolabaille",
              "runs": {
                "batter": 0,
                "extras": 0,
                "total": 0
              }
            },
            {
              "batter": "S Willett",
              "bowler": "CS Fraser",
              "non_striker": "R Dolabaille",
              "runs": {
                "batter": 0,
                "extras": 0,
                "total": 0
              }
            },
            {
              "batter": "S Willett",
              "bowler": "CS Fraser",
              "extras": {
                "wides": 1
              },
              "non_striker": "R Dolabaille",
              "runs": {
                "batter": 0,
                "extras": 1,
                "total": 1
              }
            },
            {
              "batter": "S Willett",
              "bowler": "CS Fraser",
              "non_striker": "R Dolabaille",
              "runs": {
                "batter": 0,
                "extras": 0,
                "total": 0
              }
            },
            {
              "batter": "S Willett",
              "bowler": "CS Fraser",
              "non_striker": "R Dolabaille",
              "runs": {
                "batter": 1,
                "extras": 0,
                "total": 1
              }
            },
            {
              "batter": "R Dolabaille",
              "bowler": "CS Fraser",
              "non_striker": "S Willett",
              "runs": {
                "batter": 0,
                "extras": 0,
                "total": 0
              }
            },
            {
              "batter": "R Dolabaille",
              "bowler": "CS Fraser",
              "non_striker": "S Willett",
              "runs": {
                "batter": 0,
                "extras": 0,
                "total": 0
              }
            }
          ]
        },
        {
          "over": 6,
          "deliveries": [
            {
              "batter": "S Willett",
              "bowler": "TD Smartt",
              "non_striker": "R Dolabaille",
              "runs": {
                "batter": 0,
                "extras": 0,
                "total": 0
              }
            },
            {
              "batter": "S Willett",
              "bowler": "TD Smartt",
              "non_striker": "R Dolabaille",
              "runs": {
                "batter": 0,
                "extras": 0,
                "total": 0
              },
              "wickets": [
                {
                  "player_out": "S Willett",
                  "kind": "lbw"
                }
              ]
            },
            {
              "batter": "A Freeman",
              "bowler": "TD Smartt",
              "non_striker": "R Dolabaille",
              "runs": {
                "batter": 0,
                "extras": 0,
                "total": 0
              }
            },
            {
              "batter": "A Freeman",
              "bowler": "TD Smartt",
              "non_striker": "R Dolabaille",
              "runs": {
                "batter": 0,
                "extras": 0,
                "total": 0
              }
            },
            {
              "batter": "A Freeman",
              "bowler": "TD Smartt",
              "non_striker": "R Dolabaille",
              "runs": {
                "batter": 0,
                "extras": 0,
                "total": 0
              }
            },
            {
              "batter": "A Freeman",
              "bowler": "TD Smartt",
              "non_striker": "R Dolabaille",
              "runs": {
                "batter": 1,
                "extras": 0,
                "total": 1
              }
            }
          ]
        },
        {
          "over": 7,
          "deliveries": [
            {
              "batter": "A Freeman",
              "bowler": "CS Fraser",
              "non_striker": "R Dolabaille",
              "runs": {
                "batter": 0,
                "extras": 0,
                "total": 0
              }
            },
            {
              "batter": "A Freeman",
              "bowler": "CS Fraser",
              "non_striker": "R Dolabaille",
              "runs": {
                "batter": 0,
                "extras": 0,
                "total": 0
              }
            },
            {
              "batter": "A Freeman",
              "bowler": "CS Fraser",
              "non_striker": "R Dolabaille",
              "runs": {
                "batter": 0,
                "extras": 0,
                "total": 0
              }
            },
            {
              "batter": "A Freeman",
              "bowler": "CS Fraser",
              "non_striker": "R Dolabaille",
              "runs": {
                "batter": 0,
                "extras": 0,
                "total": 0
              }
            },
            {
              "batter": "A Freeman",
              "bowler": "CS Fraser",
              "non_striker": "R Dolabaille",
              "runs": {
                "batter": 0,
                "extras": 0,
                "total": 0
              },
              "wickets": [
                {
                  "player_out": "A Freeman",
                  "kind": "lbw"
                }
              ]
            },
            {
              "batter": "Terez Parker",
              "bowler": "CS Fraser",
              "non_striker": "R Dolabaille",
              "runs": {
                "batter": 0,
                "extras": 0,
                "total": 0
              }
            }
          ]
        },
        {
          "over": 8,
          "deliveries": [
            {
              "batter": "R Dolabaille",
              "bowler": "TD Smartt",
              "non_striker": "Terez Parker",
              "runs": {
                "batter": 1,
                "extras": 0,
                "total": 1
              }
            },
            {
              "batter": "Terez Parker",
              "bowler": "TD Smartt",
              "non_striker": "R Dolabaille",
              "runs": {
                "batter": 0,
                "extras": 0,
                "total": 0
              }
            },
            {
              "batter": "Terez Parker",
              "bowler": "TD Smartt",
              "non_striker": "R Dolabaille",
              "runs": {
                "batter": 0,
                "extras": 0,
                "total": 0
              }
            },
            {
              "batter": "Terez Parker",
              "bowler": "TD Smartt",
              "non_striker": "R Dolabaille",
              "runs": {
                "batter": 0,
                "extras": 0,
                "total": 0
              }
            },
            {
              "batter": "Terez Parker",
              "bowler": "TD Smartt",
              "non_striker": "R Dolabaille",
              "runs": {
                "batter": 0,
                "extras": 0,
                "total": 0
              }
            },
            {
              "batter": "Terez Parker",
              "bowler": "TD Smartt",
              "non_striker": "R Dolabaille",
              "runs": {
                "batter": 0,
                "extras": 0,
                "total": 0
              }
            }
          ]
        },
        {
          "over": 9,
          "deliveries": [
            {
              "batter": "R Dolabaille",
              "bowler": "CS Fraser",
              "extras": {
                "wides": 1
              },
              "non_striker": "Terez Parker",
              "runs": {
                "batter": 0,
                "extras": 1,
                "total": 1
              }
            },
            {
              "batter": "R Dolabaille",
              "bowler": "CS Fraser",
              "non_striker": "Terez Parker",
              "runs": {
                "batter": 0,
                "extras": 0,
                "total": 0
              }
            },
            {
              "batter": "R Dolabaille",
              "bowler": "CS Fraser",
              "non_striker": "Terez Parker",
              "runs": {
                "batter": 0,
                "extras": 0,
                "total": 0
              }
            },
            {
              "batter": "R Dolabaille",
              "bowler": "CS Fraser",
              "non_striker": "Terez Parker",
              "runs": {
                "batter": 0,
                "extras": 0,
                "total": 0
              }
            },
            {
              "batter": "R Dolabaille",
              "bowler": "CS Fraser",
              "extras": {
                "wides": 1
              },
              "non_striker": "Terez Parker",
              "runs": {
                "batter": 0,
                "extras": 1,
                "total": 1
              }
            },
            {
              "batter": "R Dolabaille",
              "bowler": "CS Fraser",
              "non_striker": "Terez Parker",
              "runs": {
                "batter": 0,
                "extras": 0,
                "total": 0
              },
              "wickets": [
                {
                  "player_out": "R Dolabaille",
                  "fielders": [
                    {
                      "name": "M Mangru"
                    }
                  ],
                  "kind": "caught"
                }
              ]
            },
            {
              "batter": "A Edwards",
              "bowler": "CS Fraser",
              "non_striker": "Terez Parker",
              "runs": {
                "batter": 0,
                "extras": 0,
                "total": 0
              }
            },
            {
              "batter": "A Edwards",
              "bowler": "CS Fraser",
              "non_striker": "Terez Parker",
              "runs": {
                "batter": 1,
                "extras": 0,
                "total": 1
              }
            }
          ]
        },
        {
          "over": 10,
          "deliveries": [
            {
              "batter": "A Edwards",
              "bowler": "TD Smartt",
              "non_striker": "Terez Parker",
              "runs": {
                "batter": 0,
                "extras": 0,
                "total": 0
              }
            },
            {
              "batter": "A Edwards",
              "bowler": "TD Smartt",
              "non_striker": "Terez Parker",
              "runs": {
                "batter": 0,
                "extras": 0,
                "total": 0
              }
            },
            {
              "batter": "A Edwards",
              "bowler": "TD Smartt",
              "non_striker": "Terez Parker",
              "runs": {
                "batter": 0,
                "extras": 0,
                "total": 0
              },
              "wickets": [
                {
                  "player_out": "A Edwards",
                  "kind": "bowled"
                }
              ]
            },
            {
              "batter": "R Liburd",
              "bowler": "TD Smartt",
              "non_striker": "Terez Parker",
              "runs": {
                "batter": 0,
                "extras": 0,
                "total": 0
              }
            },
            {
              "batter": "R Liburd",
              "bowler": "TD Smartt",
              "non_striker": "Terez Parker",
              "runs": {
                "batter": 0,
                "extras": 0,
                "total": 0
              }
            },
            {
              "batter": "R Liburd",
              "bowler": "TD Smartt",
              "non_striker": "Terez Parker",
              "runs": {
                "batter": 0,
                "extras": 0,
                "total": 0
              }
            }
          ]
        },
        {
          "over": 11,
          "deliveries": [
            {
              "batter": "Terez Parker",
              "bowler": "CS Fraser",
              "extras": {
                "wides": 1
              },
              "non_striker": "R Liburd",
              "runs": {
                "batter": 0,
                "extras": 1,
                "total": 1
              }
            },
            {
              "batter": "Terez Parker",
              "bowler": "CS Fraser",
              "non_striker": "R Liburd",
              "runs": {
                "batter": 0,
                "extras": 0,
                "total": 0
              }
            },
            {
              "batter": "Terez Parker",
              "bowler": "CS Fraser",
              "non_striker": "R Liburd",
              "runs": {
                "batter": 0,
                "extras": 0,
                "total": 0
              }
            },
            {
              "batter": "Terez Parker",
              "bowler": "CS Fraser",
              "non_striker": "R Liburd",
              "runs": {
                "batter": 0,
                "extras": 0,
                "total": 0
              }
            },
            {
              "batter": "Terez Parker",
              "bowler": "CS Fraser",
              "non_striker": "R Liburd",
              "runs": {
                "batter": 1,
                "extras": 0,
                "total": 1
              }
            },
            {
              "batter": "R Liburd",
              "bowler": "CS Fraser",
              "non_striker": "Terez Parker",
              "runs": {
                "batter": 0,
                "extras": 0,
                "total": 0
              }
            },
            {
              "batter": "R Liburd",
              "bowler": "CS Fraser",
              "non_striker": "Terez Parker",
              "runs": {
                "batter": 0,
                "extras": 0,
                "total": 0
              }
            }
          ]
        },
        {
          "over": 12,
          "deliveries": [
            {
              "batter": "Terez Parker",
              "bowler": "TD Smartt",
              "non_striker": "R Liburd",
              "runs": {
                "batter": 0,
                "extras": 0,
                "total": 0
              }
            },
            {
              "batter": "Terez Parker",
              "bowler": "TD Smartt",
              "non_striker": "R Liburd",
              "runs": {
                "batter": 1,
                "extras": 0,
                "total": 1
              }
            },
            {
              "batter": "R Liburd",
              "bowler": "TD Smartt",
              "non_striker": "Terez Parker",
              "runs": {
                "batter": 0,
                "extras": 0,
                "total": 0
              }
            },
            {
              "batter": "R Liburd",
              "bowler": "TD Smartt",
              "non_striker": "Terez Parker",
              "runs": {
                "batter": 0,
                "extras": 0,
                "total": 0
              }
            },
            {
              "batter": "R Liburd",
              "bowler": "TD Smartt",
              "non_striker": "Terez Parker",
              "runs": {
                "batter": 0,
                "extras": 0,
                "total": 0
              }
            },
            {
              "batter": "R Liburd",
              "bowler": "TD Smartt",
              "non_striker": "Terez Parker",
              "runs": {
                "batter": 0,
                "extras": 0,
                "total": 0
              }
            }
          ]
        },
        {
          "over": 13,
          "deliveries": [
            {
              "batter": "Terez Parker",
              "bowler": "PO Millington",
              "non_striker": "R Liburd",
              "runs": {
                "batter": 0,
                "extras": 0,
                "total": 0
              }
            },
            {
              "batter": "Terez Parker",
              "bowler": "PO Millington",
              "extras": {
                "legbyes": 2
              },
              "non_striker": "R Liburd",
              "runs": {
                "batter": 0,
                "extras": 2,
                "total": 2
              }
            },
            {
              "batter": "Terez Parker",
              "bowler": "PO Millington",
              "non_striker": "R Liburd",
              "runs": {
                "batter": 0,
                "extras": 0,
                "total": 0
              }
            },
            {
              "batter": "Terez Parker",
              "bowler": "PO Millington",
              "non_striker": "R Liburd",
              "runs": {
                "batter": 0,
                "extras": 0,
                "total": 0
              }
            },
            {
              "batter": "Terez Parker",
              "bowler": "PO Millington",
              "non_striker": "R Liburd",
              "runs": {
                "batter": 0,
                "extras": 0,
                "total": 0
              }
            },
            {
              "batter": "Terez Parker",
              "bowler": "PO Millington",
              "non_striker": "R Liburd",
              "runs": {
                "batter": 0,
                "extras": 0,
                "total": 0
              }
            }
          ]
        },
        {
          "over": 14,
          "deliveries": [
            {
              "batter": "R Liburd",
              "bowler": "K Schultz",
              "non_striker": "Terez Parker",
              "runs": {
                "batter": 0,
                "extras": 0,
                "total": 0
              }
            },
            {
              "batter": "R Liburd",
              "bowler": "K Schultz",
              "non_striker": "Terez Parker",
              "runs": {
                "batter": 0,
                "extras": 0,
                "total": 0
              }
            },
            {
              "batter": "R Liburd",
              "bowler": "K Schultz",
              "non_striker": "Terez Parker",
              "runs": {
                "batter": 0,
                "extras": 0,
                "total": 0
              }
            },
            {
              "batter": "R Liburd",
              "bowler": "K Schultz",
              "non_striker": "Terez Parker",
              "runs": {
                "batter": 1,
                "extras": 0,
                "total": 1
              }
            },
            {
              "batter": "Terez Parker",
              "bowler": "K Schultz",
              "non_striker": "R Liburd",
              "runs": {
                "batter": 0,
                "extras": 0,
                "total": 0
              }
            },
            {
              "batter": "Terez Parker",
              "bowler": "K Schultz",
              "non_striker": "R Liburd",
              "runs": {
                "batter": 1,
                "extras": 0,
                "total": 1
              }
            }
          ]
        },
        {
          "over": 15,
          "deliveries": [
            {
              "batter": "Terez Parker",
              "bowler": "PO Millington",
              "non_striker": "R Liburd",
              "runs": {
                "batter": 0,
                "extras": 0,
                "total": 0
              }
            },
            {
              "batter": "Terez Parker",
              "bowler": "PO Millington",
              "non_striker": "R Liburd",
              "runs": {
                "batter": 0,
                "extras": 0,
                "total": 0
              }
            },
            {
              "batter": "Terez Parker",
              "bowler": "PO Millington",
              "non_striker": "R Liburd",
              "runs": {
                "batter": 0,
                "extras": 0,
                "total": 0
              }
            },
            {
              "batter": "Terez Parker",
              "bowler": "PO Millington",
              "non_striker": "R Liburd",
              "runs": {
                "batter": 0,
                "extras": 0,
                "total": 0
              }
            },
            {
              "batter": "Terez Parker",
              "bowler": "PO Millington",
              "non_striker": "R Liburd",
              "runs": {
                "batter": 4,
                "extras": 0,
                "total": 4
              }
            },
            {
              "batter": "Terez Parker",
              "bowler": "PO Millington",
              "non_striker": "R Liburd",
              "runs": {
                "batter": 0,
                "extras": 0,
                "total": 0
              }
            }
          ]
        },
        {
          "over": 16,
          "deliveries": [
            {
              "batter": "R Liburd",
              "bowler": "K Schultz",
              "non_striker": "Terez Parker",
              "runs": {
                "batter": 0,
                "extras": 0,
                "total": 0
              }
            },
            {
              "batter": "R Liburd",
              "bowler": "K Schultz",
              "non_striker": "Terez Parker",
              "runs": {
                "batter": 0,
                "extras": 0,
                "total": 0
              }
            },
            {
              "batter": "R Liburd",
              "bowler": "K Schultz",
              "non_striker": "Terez Parker",
              "runs": {
                "batter": 0,
                "extras": 0,
                "total": 0
              }
            },
            {
              "batter": "R Liburd",
              "bowler": "K Schultz",
              "non_striker": "Terez Parker",
              "runs": {
                "batter": 0,
                "extras": 0,
                "total": 0
              }
            },
            {
              "batter": "R Liburd",
              "bowler": "K Schultz",
              "non_striker": "Terez Parker",
              "runs": {
                "batter": 1,
                "extras": 0,
                "total": 1
              }
            },
            {
              "batter": "Terez Parker",
              "bowler": "K Schultz",
              "non_striker": "R Liburd",
              "runs": {
                "batter": 0,
                "extras": 0,
                "total": 0
              }
            }
          ]
        },
        {
          "over": 17,
          "deliveries": [
            {
              "batter": "R Liburd",
              "bowler": "PO Millington",
              "non_striker": "Terez Parker",
              "runs": {
                "batter": 0,
                "extras": 0,
                "total": 0
              }
            },
            {
              "batter": "R Liburd",
              "bowler": "PO Millington",
              "non_striker": "Terez Parker",
              "runs": {
                "batter": 0,
                "extras": 0,
                "total": 0
              }
            },
            {
              "batter": "R Liburd",
              "bowler": "PO Millington",
              "non_striker": "Terez Parker",
              "runs": {
                "batter": 1,
                "extras": 0,
                "total": 1
              }
            },
            {
              "batter": "Terez Parker",
              "bowler": "PO Millington",
              "non_striker": "R Liburd",
              "runs": {
                "batter": 0,
                "extras": 0,
                "total": 0
              }
            },
            {
              "batter": "Terez Parker",
              "bowler": "PO Millington",
              "non_striker": "R Liburd",
              "runs": {
                "batter": 0,
                "extras": 0,
                "total": 0
              }
            },
            {
              "batter": "Terez Parker",
              "bowler": "PO Millington",
              "non_striker": "R Liburd",
              "runs": {
                "batter": 1,
                "extras": 0,
                "total": 1
              }
            }
          ]
        },
        {
          "over": 18,
          "deliveries": [
            {
              "batter": "Terez Parker",
              "bowler": "K Schultz",
              "non_striker": "R Liburd",
              "runs": {
                "batter": 0,
                "extras": 0,
                "total": 0
              }
            },
            {
              "batter": "Terez Parker",
              "bowler": "K Schultz",
              "non_striker": "R Liburd",
              "runs": {
                "batter": 0,
                "extras": 0,
                "total": 0
              }
            },
            {
              "batter": "Terez Parker",
              "bowler": "K Schultz",
              "non_striker": "R Liburd",
              "runs": {
                "batter": 1,
                "extras": 0,
                "total": 1
              }
            },
            {
              "batter": "R Liburd",
              "bowler": "K Schultz",
              "non_striker": "Terez Parker",
              "runs": {
                "batter": 0,
                "extras": 0,
                "total": 0
              }
            },
            {
              "batter": "R Liburd",
              "bowler": "K Schultz",
              "non_striker": "Terez Parker",
              "runs": {
                "batter": 1,
                "extras": 0,
                "total": 1
              }
            },
            {
              "batter": "Terez Parker",
              "bowler": "K Schultz",
              "non_striker": "R Liburd",
              "runs": {
                "batter": 0,
                "extras": 0,
                "total": 0
              }
            }
          ]
        },
        {
          "over": 19,
          "deliveries": [
            {
              "batter": "R Liburd",
              "bowler": "PO Millington",
              "non_striker": "Terez Parker",
              "runs": {
                "batter": 0,
                "extras": 0,
                "total": 0
              }
            },
            {
              "batter": "R Liburd",
              "bowler": "PO Millington",
              "extras": {
                "noballs": 1
              },
              "non_striker": "Terez Parker",
              "runs": {
                "batter": 1,
                "extras": 1,
                "total": 2
              }
            },
            {
              "batter": "Terez Parker",
              "bowler": "PO Millington",
              "non_striker": "R Liburd",
              "runs": {
                "batter": 1,
                "extras": 0,
                "total": 1
              }
            },
            {
              "batter": "R Liburd",
              "bowler": "PO Millington",
              "non_striker": "Terez Parker",
              "runs": {
                "batter": 1,
                "extras": 0,
                "total": 1
              }
            },
            {
              "batter": "Terez Parker",
              "bowler": "PO Millington",
              "non_striker": "R Liburd",
              "runs": {
                "batter": 0,
                "extras": 0,
                "total": 0
              }
            },
            {
              "batter": "Terez Parker",
              "bowler": "PO Millington",
              "non_striker": "R Liburd",
              "runs": {
                "batter": 0,
                "extras": 0,
                "total": 0
              }
            },
            {
              "batter": "Terez Parker",
              "bowler": "PO Millington",
              "non_striker": "R Liburd",
              "runs": {
                "batter": 0,
                "extras": 0,
                "total": 0
              }
            }
          ]
        },
        {
          "over": 20,
          "deliveries": [
            {
              "batter": "R Liburd",
              "bowler": "K Schultz",
              "non_striker": "Terez Parker",
              "runs": {
                "batter": 1,
                "extras": 0,
                "total": 1
              }
            },
            {
              "batter": "Terez Parker",
              "bowler": "K Schultz",
              "non_striker": "R Liburd",
              "runs": {
                "batter": 0,
                "extras": 0,
                "total": 0
              }
            },
            {
              "batter": "Terez Parker",
              "bowler": "K Schultz",
              "non_striker": "R Liburd",
              "runs": {
                "batter": 0,
                "extras": 0,
                "total": 0
              }
            },
            {
              "batter": "Terez Parker",
              "bowler": "K Schultz",
              "non_striker": "R Liburd",
              "runs": {
                "batter": 0,
                "extras": 0,
                "total": 0
              }
            },
            {
              "batter": "Terez Parker",
              "bowler": "K Schultz",
              "non_striker": "R Liburd",
              "runs": {
                "batter": 0,
                "extras": 0,
                "total": 0
              }
            },
            {
              "batter": "Terez Parker",
              "bowler": "K Schultz",
              "non_striker": "R Liburd",
              "runs": {
                "batter": 0,
                "extras": 0,
                "total": 0
              }
            }
          ]
        },
        {
          "over": 21,
          "deliveries": [
            {
              "batter": "R Liburd",
              "bowler": "PO Millington",
              "non_striker": "Terez Parker",
              "runs": {
                "batter": 0,
                "extras": 0,
                "total": 0
              }
            },
            {
              "batter": "R Liburd",
              "bowler": "PO Millington",
              "non_striker": "Terez Parker",
              "runs": {
                "batter": 2,
                "extras": 0,
                "total": 2
              }
            },
            {
              "batter": "R Liburd",
              "bowler": "PO Millington",
              "non_striker": "Terez Parker",
              "runs": {
                "batter": 0,
                "extras": 0,
                "total": 0
              }
            },
            {
              "batter": "R Liburd",
              "bowler": "PO Millington",
              "non_striker": "Terez Parker",
              "runs": {
                "batter": 0,
                "extras": 0,
                "total": 0
              },
              "wickets": [
                {
                  "player_out": "R Liburd",
                  "kind": "caught and bowled"
                }
              ]
            },
            {
              "batter": "T Thorpe",
              "bowler": "PO Millington",
              "non_striker": "Terez Parker",
              "runs": {
                "batter": 2,
                "extras": 0,
                "total": 2
              }
            },
            {
              "batter": "T Thorpe",
              "bowler": "PO Millington",
              "non_striker": "Terez Parker",
              "runs": {
                "batter": 0,
                "extras": 0,
                "total": 0
              }
            }
          ]
        },
        {
          "over": 22,
          "deliveries": [
            {
              "batter": "Terez Parker",
              "bowler": "A Munisar",
              "non_striker": "T Thorpe",
              "runs": {
                "batter": 0,
                "extras": 0,
                "total": 0
              }
            },
            {
              "batter": "Terez Parker",
              "bowler": "A Munisar",
              "non_striker": "T Thorpe",
              "runs": {
                "batter": 0,
                "extras": 0,
                "total": 0
              }
            },
            {
              "batter": "Terez Parker",
              "bowler": "A Munisar",
              "non_striker": "T Thorpe",
              "runs": {
                "batter": 0,
                "extras": 0,
                "total": 0
              }
            },
            {
              "batter": "Terez Parker",
              "bowler": "A Munisar",
              "extras": {
                "noballs": 1
              },
              "non_striker": "T Thorpe",
              "runs": {
                "batter": 4,
                "extras": 1,
                "total": 5
              }
            },
            {
              "batter": "Terez Parker",
              "bowler": "A Munisar",
              "non_striker": "T Thorpe",
              "runs": {
                "batter": 0,
                "extras": 0,
                "total": 0
              }
            },
            {
              "batter": "Terez Parker",
              "bowler": "A Munisar",
              "non_striker": "T Thorpe",
              "runs": {
                "batter": 4,
                "extras": 0,
                "total": 4
              }
            },
            {
              "batter": "Terez Parker",
              "bowler": "A Munisar",
              "non_striker": "T Thorpe",
              "runs": {
                "batter": 0,
                "extras": 0,
                "total": 0
              }
            }
          ]
        },
        {
          "over": 23,
          "deliveries": [
            {
              "batter": "T Thorpe",
              "bowler": "TD Smartt",
              "non_striker": "Terez Parker",
              "runs": {
                "batter": 0,
                "extras": 0,
                "total": 0
              }
            },
            {
              "batter": "T Thorpe",
              "bowler": "TD Smartt",
              "non_striker": "Terez Parker",
              "runs": {
                "batter": 0,
                "extras": 0,
                "total": 0
              }
            },
            {
              "batter": "T Thorpe",
              "bowler": "TD Smartt",
              "non_striker": "Terez Parker",
              "runs": {
                "batter": 1,
                "extras": 0,
                "total": 1
              }
            },
            {
              "batter": "Terez Parker",
              "bowler": "TD Smartt",
              "non_striker": "T Thorpe",
              "runs": {
                "batter": 1,
                "extras": 0,
                "total": 1
              }
            },
            {
              "batter": "T Thorpe",
              "bowler": "TD Smartt",
              "non_striker": "Terez Parker",
              "runs": {
                "batter": 0,
                "extras": 0,
                "total": 0
              }
            },
            {
              "batter": "T Thorpe",
              "bowler": "TD Smartt",
              "non_striker": "Terez Parker",
              "runs": {
                "batter": 0,
                "extras": 0,
                "total": 0
              }
            }
          ]
        },
        {
          "over": 24,
          "deliveries": [
            {
              "batter": "Terez Parker",
              "bowler": "CS Fraser",
              "extras": {
                "wides": 1
              },
              "non_striker": "T Thorpe",
              "runs": {
                "batter": 0,
                "extras": 1,
                "total": 1
              }
            },
            {
              "batter": "Terez Parker",
              "bowler": "CS Fraser",
              "non_striker": "T Thorpe",
              "runs": {
                "batter": 1,
                "extras": 0,
                "total": 1
              }
            },
            {
              "batter": "T Thorpe",
              "bowler": "CS Fraser",
              "extras": {
                "wides": 1
              },
              "non_striker": "Terez Parker",
              "runs": {
                "batter": 0,
                "extras": 1,
                "total": 1
              }
            },
            {
              "batter": "T Thorpe",
              "bowler": "CS Fraser",
              "extras": {
                "penalty": 5
              },
              "non_striker": "Terez Parker",
              "runs": {
                "batter": 0,
                "extras": 5,
                "total": 5
              }
            },
            {
              "batter": "T Thorpe",
              "bowler": "CS Fraser",
              "extras": {
                "legbyes": 1
              },
              "non_striker": "Terez Parker",
              "runs": {
                "batter": 0,
                "extras": 1,
                "total": 1
              }
            },
            {
              "batter": "Terez Parker",
              "bowler": "CS Fraser",
              "non_striker": "T Thorpe",
              "runs": {
                "batter": 0,
                "extras": 0,
                "total": 0
              }
            },
            {
              "batter": "Terez Parker",
              "bowler": "CS Fraser",
              "non_striker": "T Thorpe",
              "runs": {
                "batter": 0,
                "extras": 0,
                "total": 0
              }
            },
            {
              "batter": "Terez Parker",
              "bowler": "CS Fraser",
              "non_striker": "T Thorpe",
              "runs": {
                "batter": 0,
                "extras": 0,
                "total": 0
              }
            },
            {
              "batter": "Terez Parker",
              "bowler": "CS Fraser",
              "non_striker": "T Thorpe",
              "runs": {
                "batter": 0,
                "extras": 0,
                "total": 0
              }
            }
          ]
        },
        {
          "over": 25,
          "deliveries": [
            {
              "batter": "T Thorpe",
              "bowler": "TD Smartt",
              "non_striker": "Terez Parker",
              "runs": {
                "batter": 0,
                "extras": 0,
                "total": 0
              }
            },
            {
              "batter": "T Thorpe",
              "bowler": "TD Smartt",
              "non_striker": "Terez Parker",
              "runs": {
                "batter": 0,
                "extras": 0,
                "total": 0
              }
            },
            {
              "batter": "T Thorpe",
              "bowler": "TD Smartt",
              "non_striker": "Terez Parker",
              "runs": {
                "batter": 0,
                "extras": 0,
                "total": 0
              }
            },
            {
              "batter": "T Thorpe",
              "bowler": "TD Smartt",
              "non_striker": "Terez Parker",
              "runs": {
                "batter": 1,
                "extras": 0,
                "total": 1
              }
            },
            {
              "batter": "Terez Parker",
              "bowler": "TD Smartt",
              "non_striker": "T Thorpe",
              "runs": {
                "batter": 0,
                "extras": 0,
                "total": 0
              }
            },
            {
              "batter": "Terez Parker",
              "bowler": "TD Smartt",
              "non_striker": "T Thorpe",
              "runs": {
                "batter": 0,
                "extras": 0,
                "total": 0
              }
            }
          ]
        },
        {
          "over": 26,
          "deliveries": [
            {
              "batter": "T Thorpe",
              "bowler": "CS Fraser",
              "non_striker": "Terez Parker",
              "runs": {
                "batter": 1,
                "extras": 0,
                "total": 1
              }
            },
            {
              "batter": "Terez Parker",
              "bowler": "CS Fraser",
              "non_striker": "T Thorpe",
              "runs": {
                "batter": 0,
                "extras": 0,
                "total": 0
              }
            },
            {
              "batter": "Terez Parker",
              "bowler": "CS Fraser",
              "non_striker": "T Thorpe",
              "runs": {
                "batter": 1,
                "extras": 0,
                "total": 1
              }
            },
            {
              "batter": "T Thorpe",
              "bowler": "CS Fraser",
              "extras": {
                "wides": 1
              },
              "non_striker": "Terez Parker",
              "runs": {
                "batter": 0,
                "extras": 1,
                "total": 1
              }
            },
            {
              "batter": "T Thorpe",
              "bowler": "CS Fraser",
              "non_striker": "Terez Parker",
              "runs": {
                "batter": 0,
                "extras": 0,
                "total": 0
              }
            },
            {
              "batter": "T Thorpe",
              "bowler": "CS Fraser",
              "non_striker": "Terez Parker",
              "runs": {
                "batter": 0,
                "extras": 0,
                "total": 0
              }
            },
            {
              "batter": "T Thorpe",
              "bowler": "CS Fraser",
              "non_striker": "Terez Parker",
              "runs": {
                "batter": 0,
                "extras": 0,
                "total": 0
              }
            }
          ]
        },
        {
          "over": 27,
          "deliveries": [
            {
              "batter": "Terez Parker",
              "bowler": "TD Smartt",
              "non_striker": "T Thorpe",
              "runs": {
                "batter": 0,
                "extras": 0,
                "total": 0
              }
            },
            {
              "batter": "Terez Parker",
              "bowler": "TD Smartt",
              "non_striker": "T Thorpe",
              "runs": {
                "batter": 0,
                "extras": 0,
                "total": 0
              }
            },
            {
              "batter": "Terez Parker",
              "bowler": "TD Smartt",
              "non_striker": "T Thorpe",
              "runs": {
                "batter": 1,
                "extras": 0,
                "total": 1
              }
            },
            {
              "batter": "T Thorpe",
              "bowler": "TD Smartt",
              "non_striker": "Terez Parker",
              "runs": {
                "batter": 0,
                "extras": 0,
                "total": 0
              }
            },
            {
              "batter": "T Thorpe",
              "bowler": "TD Smartt",
              "non_striker": "Terez Parker",
              "runs": {
                "batter": 0,
                "extras": 0,
                "total": 0
              }
            },
            {
              "batter": "T Thorpe",
              "bowler": "TD Smartt",
              "non_striker": "Terez Parker",
              "runs": {
                "batter": 0,
                "extras": 0,
                "total": 0
              }
            }
          ]
        },
        {
          "over": 28,
          "deliveries": [
            {
              "batter": "Terez Parker",
              "bowler": "M Mangru",
              "non_striker": "T Thorpe",
              "runs": {
                "batter": 0,
                "extras": 0,
                "total": 0
              }
            },
            {
              "batter": "Terez Parker",
              "bowler": "M Mangru",
              "non_striker": "T Thorpe",
              "runs": {
                "batter": 0,
                "extras": 0,
                "total": 0
              }
            },
            {
              "batter": "Terez Parker",
              "bowler": "M Mangru",
              "non_striker": "T Thorpe",
              "runs": {
                "batter": 0,
                "extras": 0,
                "total": 0
              },
              "wickets": [
                {
                  "player_out": "Terez Parker",
                  "kind": "lbw"
                }
              ]
            },
            {
              "batter": "D Claxton",
              "bowler": "M Mangru",
              "non_striker": "T Thorpe",
              "runs": {
                "batter": 0,
                "extras": 0,
                "total": 0
              }
            },
            {
              "batter": "D Claxton",
              "bowler": "M Mangru",
              "non_striker": "T Thorpe",
              "runs": {
                "batter": 0,
                "extras": 0,
                "total": 0
              }
            },
            {
              "batter": "D Claxton",
              "bowler": "M Mangru",
              "non_striker": "T Thorpe",
              "runs": {
                "batter": 0,
                "extras": 0,
                "total": 0
              }
            }
          ]
        },
        {
          "over": 29,
          "deliveries": [
            {
              "batter": "T Thorpe",
              "bowler": "SS Grimmond",
              "non_striker": "D Claxton",
              "runs": {
                "batter": 0,
                "extras": 0,
                "total": 0
              }
            },
            {
              "batter": "T Thorpe",
              "bowler": "SS Grimmond",
              "non_striker": "D Claxton",
              "runs": {
                "batter": 4,
                "extras": 0,
                "total": 4
              }
            },
            {
              "batter": "T Thorpe",
              "bowler": "SS Grimmond",
              "extras": {
                "byes": 4
              },
              "non_striker": "D Claxton",
              "runs": {
                "batter": 0,
                "extras": 4,
                "total": 4
              }
            },
            {
              "batter": "T Thorpe",
              "bowler": "SS Grimmond",
              "non_striker": "D Claxton",
              "runs": {
                "batter": 0,
                "extras": 0,
                "total": 0
              }
            },
            {
              "batter": "T Thorpe",
              "bowler": "SS Grimmond",
              "non_striker": "D Claxton",
              "runs": {
                "batter": 0,
                "extras": 0,
                "total": 0
              },
              "wickets": [
                {
                  "player_out": "T Thorpe",
                  "kind": "lbw"
                }
              ]
            }
          ]
        }
      ],
      "powerplays": [
        {
          "from": 0.1,
          "to": 9.8,
          "type": "mandatory"
        }
      ],
      "miscounted_overs": {
        "24": {
          "balls": "7"
        }
      }
    },
    {
      "team": "Guyana",
      "overs": [
        {
          "over": 0,
          "deliveries": [
            {
              "batter": "M Mangru",
              "bowler": "T Thorpe",
              "non_striker": "KK Mentore",
              "runs": {
                "batter": 0,
                "extras": 0,
                "total": 0
              }
            },
            {
              "batter": "M Mangru",
              "bowler": "T Thorpe",
              "non_striker": "KK Mentore",
              "runs": {
                "batter": 0,
                "extras": 0,
                "total": 0
              }
            },
            {
              "batter": "M Mangru",
              "bowler": "T Thorpe",
              "non_striker": "KK Mentore",
              "runs": {
                "batter": 1,
                "extras": 0,
                "total": 1
              }
            },
            {
              "batter": "KK Mentore",
              "bowler": "T Thorpe",
              "non_striker": "M Mangru",
              "runs": {
                "batter": 0,
                "extras": 0,
                "total": 0
              }
            },
            {
              "batter": "KK Mentore",
              "bowler": "T Thorpe",
              "non_striker": "M Mangru",
              "runs": {
                "batter": 4,
                "extras": 0,
                "total": 4
              }
            },
            {
              "batter": "KK Mentore",
              "bowler": "T Thorpe",
              "non_striker": "M Mangru",
              "runs": {
                "batter": 0,
                "extras": 0,
                "total": 0
              }
            }
          ]
        },
        {
          "over": 1,
          "deliveries": [
            {
              "batter": "M Mangru",
              "bowler": "S Hector",
              "non_striker": "KK Mentore",
              "runs": {
                "batter": 0,
                "extras": 0,
                "total": 0
              }
            },
            {
              "batter": "M Mangru",
              "bowler": "S Hector",
              "extras": {
                "wides": 1
              },
              "non_striker": "KK Mentore",
              "runs": {
                "batter": 0,
                "extras": 1,
                "total": 1
              }
            },
            {
              "batter": "M Mangru",
              "bowler": "S Hector",
              "non_striker": "KK Mentore",
              "runs": {
                "batter": 0,
                "extras": 0,
                "total": 0
              }
            },
            {
              "batter": "M Mangru",
              "bowler": "S Hector",
              "non_striker": "KK Mentore",
              "runs": {
                "batter": 0,
                "extras": 0,
                "total": 0
              }
            },
            {
              "batter": "M Mangru",
              "bowler": "S Hector",
              "non_striker": "KK Mentore",
              "runs": {
                "batter": 0,
                "extras": 0,
                "total": 0
              }
            },
            {
              "batter": "M Mangru",
              "bowler": "S Hector",
              "non_striker": "KK Mentore",
              "runs": {
                "batter": 0,
                "extras": 0,
                "total": 0
              }
            },
            {
              "batter": "M Mangru",
              "bowler": "S Hector",
              "non_striker": "KK Mentore",
              "runs": {
                "batter": 0,
                "extras": 0,
                "total": 0
              }
            }
          ]
        },
        {
          "over": 2,
          "deliveries": [
            {
              "batter": "KK Mentore",
              "bowler": "T Thorpe",
              "non_striker": "M Mangru",
              "runs": {
                "batter": 0,
                "extras": 0,
                "total": 0
              }
            },
            {
              "batter": "KK Mentore",
              "bowler": "T Thorpe",
              "non_striker": "M Mangru",
              "runs": {
                "batter": 0,
                "extras": 0,
                "total": 0
              }
            },
            {
              "batter": "KK Mentore",
              "bowler": "T Thorpe",
              "non_striker": "M Mangru",
              "runs": {
                "batter": 0,
                "extras": 0,
                "total": 0
              }
            },
            {
              "batter": "KK Mentore",
              "bowler": "T Thorpe",
              "non_striker": "M Mangru",
              "runs": {
                "batter": 4,
                "extras": 0,
                "total": 4
              }
            },
            {
              "batter": "KK Mentore",
              "bowler": "T Thorpe",
              "non_striker": "M Mangru",
              "runs": {
                "batter": 0,
                "extras": 0,
                "total": 0
              }
            },
            {
              "batter": "KK Mentore",
              "bowler": "T Thorpe",
              "non_striker": "M Mangru",
              "runs": {
                "batter": 4,
                "extras": 0,
                "total": 4
              }
            }
          ]
        },
        {
          "over": 3,
          "deliveries": [
            {
              "batter": "M Mangru",
              "bowler": "S Hector",
              "non_striker": "KK Mentore",
              "runs": {
                "batter": 0,
                "extras": 0,
                "total": 0
              }
            },
            {
              "batter": "M Mangru",
              "bowler": "S Hector",
              "extras": {
                "wides": 1
              },
              "non_striker": "KK Mentore",
              "runs": {
                "batter": 0,
                "extras": 1,
                "total": 1
              }
            },
            {
              "batter": "M Mangru",
              "bowler": "S Hector",
              "non_striker": "KK Mentore",
              "runs": {
                "batter": 0,
                "extras": 0,
                "total": 0
              }
            },
            {
              "batter": "M Mangru",
              "bowler": "S Hector",
              "non_striker": "KK Mentore",
              "runs": {
                "batter": 0,
                "extras": 0,
                "total": 0
              }
            },
            {
              "batter": "M Mangru",
              "bowler": "S Hector",
              "non_striker": "KK Mentore",
              "runs": {
                "batter": 0,
                "extras": 0,
                "total": 0
              }
            },
            {
              "batter": "M Mangru",
              "bowler": "S Hector",
              "non_striker": "KK Mentore",
              "runs": {
                "batter": 1,
                "extras": 0,
                "total": 1
              }
            },
            {
              "batter": "KK Mentore",
              "bowler": "S Hector",
              "extras": {
                "wides": 1
              },
              "non_striker": "M Mangru",
              "runs": {
                "batter": 0,
                "extras": 1,
                "total": 1
              }
            },
            {
              "batter": "KK Mentore",
              "bowler": "S Hector",
              "non_striker": "M Mangru",
              "runs": {
                "batter": 0,
                "extras": 0,
                "total": 0
              }
            }
          ]
        },
        {
          "over": 4,
          "deliveries": [
            {
              "batter": "M Mangru",
              "bowler": "J Richards",
              "non_striker": "KK Mentore",
              "runs": {
                "batter": 0,
                "extras": 0,
                "total": 0
              }
            },
            {
              "batter": "M Mangru",
              "bowler": "J Richards",
              "extras": {
                "byes": 1
              },
              "non_striker": "KK Mentore",
              "runs": {
                "batter": 0,
                "extras": 1,
                "total": 1
              }
            },
            {
              "batter": "KK Mentore",
              "bowler": "J Richards",
              "non_striker": "M Mangru",
              "runs": {
                "batter": 0,
                "extras": 0,
                "total": 0
              }
            },
            {
              "batter": "KK Mentore",
              "bowler": "J Richards",
              "non_striker": "M Mangru",
              "runs": {
                "batter": 1,
                "extras": 0,
                "total": 1
              }
            },
            {
              "batter": "M Mangru",
              "bowler": "J Richards",
              "non_striker": "KK Mentore",
              "runs": {
                "batter": 1,
                "extras": 0,
                "total": 1
              }
            },
            {
              "batter": "KK Mentore",
              "bowler": "J Richards",
              "non_striker": "M Mangru",
              "runs": {
                "batter": 0,
                "extras": 0,
                "total": 0
              }
            }
          ]
        },
        {
          "over": 5,
          "deliveries": [
            {
              "batter": "M Mangru",
              "bowler": "S Hector",
              "non_striker": "KK Mentore",
              "runs": {
                "batter": 0,
                "extras": 0,
                "total": 0
              }
            },
            {
              "batter": "M Mangru",
              "bowler": "S Hector",
              "non_striker": "KK Mentore",
              "runs": {
                "batter": 0,
                "extras": 0,
                "total": 0
              },
              "wickets": [
                {
                  "player_out": "M Mangru",
                  "fielders": [
                    {
                      "name": "Terez Parker"
                    }
                  ],
                  "kind": "caught"
                }
              ]
            },
            {
              "batter": "SA Campbelle",
              "bowler": "S Hector",
              "non_striker": "KK Mentore",
              "runs": {
                "batter": 0,
                "extras": 0,
                "total": 0
              }
            },
            {
              "batter": "SA Campbelle",
              "bowler": "S Hector",
              "non_striker": "KK Mentore",
              "runs": {
                "batter": 1,
                "extras": 0,
                "total": 1
              }
            },
            {
              "batter": "KK Mentore",
              "bowler": "S Hector",
              "non_striker": "SA Campbelle",
              "runs": {
                "batter": 1,
                "extras": 0,
                "total": 1
              }
            },
            {
              "batter": "SA Campbelle",
              "bowler": "S Hector",
              "non_striker": "KK Mentore",
              "runs": {
                "batter": 1,
                "extras": 0,
                "total": 1
              }
            }
          ]
        },
        {
          "over": 6,
          "deliveries": [
            {
              "batter": "SA Campbelle",
              "bowler": "J Richards",
              "non_striker": "KK Mentore",
              "runs": {
                "batter": 2,
                "extras": 0,
                "total": 2
              }
            },
            {
              "batter": "SA Campbelle",
              "bowler": "J Richards",
              "non_striker": "KK Mentore",
              "runs": {
                "batter": 0,
                "extras": 0,
                "total": 0
              }
            },
            {
              "batter": "SA Campbelle",
              "bowler": "J Richards",
              "non_striker": "KK Mentore",
              "runs": {
                "batter": 1,
                "extras": 0,
                "total": 1
              }
            },
            {
              "batter": "KK Mentore",
              "bowler": "J Richards",
              "non_striker": "SA Campbelle",
              "runs": {
                "batter": 0,
                "extras": 0,
                "total": 0
              }
            },
            {
              "batter": "KK Mentore",
              "bowler": "J Richards",
              "non_striker": "SA Campbelle",
              "runs": {
                "batter": 2,
                "extras": 0,
                "total": 2
              }
            },
            {
              "batter": "KK Mentore",
              "bowler": "J Richards",
              "non_striker": "SA Campbelle",
              "runs": {
                "batter": 0,
                "extras": 0,
                "total": 0
              }
            }
          ]
        },
        {
          "over": 7,
          "deliveries": [
            {
              "batter": "SA Campbelle",
              "bowler": "A Edwards",
              "non_striker": "KK Mentore",
              "runs": {
                "batter": 0,
                "extras": 0,
                "total": 0
              }
            },
            {
              "batter": "SA Campbelle",
              "bowler": "A Edwards",
              "non_striker": "KK Mentore",
              "runs": {
                "batter": 0,
                "extras": 0,
                "total": 0
              }
            },
            {
              "batter": "SA Campbelle",
              "bowler": "A Edwards",
              "extras": {
                "legbyes": 1
              },
              "non_striker": "KK Mentore",
              "runs": {
                "batter": 0,
                "extras": 1,
                "total": 1
              }
            },
            {
              "batter": "KK Mentore",
              "bowler": "A Edwards",
              "non_striker": "SA Campbelle",
              "runs": {
                "batter": 0,
                "extras": 0,
                "total": 0
              }
            },
            {
              "batter": "KK Mentore",
              "bowler": "A Edwards",
              "non_striker": "SA Campbelle",
              "runs": {
                "batter": 0,
                "extras": 0,
                "total": 0
              }
            },
            {
              "batter": "KK Mentore",
              "bowler": "A Edwards",
              "non_striker": "SA Campbelle",
              "runs": {
                "batter": 0,
                "extras": 0,
                "total": 0
              }
            }
          ]
        },
        {
          "over": 8,
          "deliveries": [
            {
              "batter": "SA Campbelle",
              "bowler": "J Richards",
              "extras": {
                "wides": 5
              },
              "non_striker": "KK Mentore",
              "runs": {
                "batter": 0,
                "extras": 5,
                "total": 5
              }
            },
            {
              "batter": "SA Campbelle",
              "bowler": "J Richards",
              "non_striker": "KK Mentore",
              "runs": {
                "batter": 2,
                "extras": 0,
                "total": 2
              }
            },
            {
              "batter": "SA Campbelle",
              "bowler": "J Richards",
              "non_striker": "KK Mentore",
              "runs": {
                "batter": 0,
                "extras": 0,
                "total": 0
              }
            },
            {
              "batter": "SA Campbelle",
              "bowler": "J Richards",
              "non_striker": "KK Mentore",
              "runs": {
                "batter": 0,
                "extras": 0,
                "total": 0
              }
            },
            {
              "batter": "SA Campbelle",
              "bowler": "J Richards",
              "non_striker": "KK Mentore",
              "runs": {
                "batter": 4,
                "extras": 0,
                "total": 4
              }
            },
            {
              "batter": "SA Campbelle",
              "bowler": "J Richards",
              "non_striker": "KK Mentore",
              "runs": {
                "batter": 1,
                "extras": 0,
                "total": 1
              }
            },
            {
              "batter": "KK Mentore",
              "bowler": "J Richards",
              "non_striker": "SA Campbelle",
              "runs": {
                "batter": 0,
                "extras": 0,
                "total": 0
              }
            }
          ]
        },
        {
          "over": 9,
          "deliveries": [
            {
              "batter": "SA Campbelle",
              "bowler": "A Edwards",
              "non_striker": "KK Mentore",
              "runs": {
                "batter": 0,
                "extras": 0,
                "total": 0
              },
              "wickets": [
                {
                  "player_out": "KK Mentore",
                  "fielders": [
                    {
                      "substitute": true
                    }
                  ],
                  "kind": "run out"
                }
              ]
            },
            {
              "batter": "S Gajnabi",
              "bowler": "A Edwards",
              "non_striker": "SA Campbelle",
              "runs": {
                "batter": 1,
                "extras": 0,
                "total": 1
              }
            },
            {
              "batter": "SA Campbelle",
              "bowler": "A Edwards",
              "non_striker": "S Gajnabi",
              "runs": {
                "batter": 0,
                "extras": 0,
                "total": 0
              }
            },
            {
              "batter": "SA Campbelle",
              "bowler": "A Edwards",
              "non_striker": "S Gajnabi",
              "runs": {
                "batter": 0,
                "extras": 0,
                "total": 0
              }
            },
            {
              "batter": "SA Campbelle",
              "bowler": "A Edwards",
              "non_striker": "S Gajnabi",
              "runs": {
                "batter": 2,
                "extras": 0,
                "total": 2
              }
            },
            {
              "batter": "SA Campbelle",
              "bowler": "A Edwards",
              "extras": {
                "wides": 1
              },
              "non_striker": "S Gajnabi",
              "runs": {
                "batter": 0,
                "extras": 1,
                "total": 1
              }
            },
            {
              "batter": "SA Campbelle",
              "bowler": "A Edwards",
              "non_striker": "S Gajnabi",
              "runs": {
                "batter": 0,
                "extras": 0,
                "total": 0
              }
            }
          ]
        },
        {
          "over": 10,
          "deliveries": [
            {
              "batter": "S Gajnabi",
              "bowler": "M Clarke",
              "non_striker": "SA Campbelle",
              "runs": {
                "batter": 4,
                "extras": 0,
                "total": 4
              }
            },
            {
              "batter": "S Gajnabi",
              "bowler": "M Clarke",
              "non_striker": "SA Campbelle",
              "runs": {
                "batter": 0,
                "extras": 0,
                "total": 0
              }
            },
            {
              "batter": "S Gajnabi",
              "bowler": "M Clarke",
              "non_striker": "SA Campbelle",
              "runs": {
                "batter": 4,
                "extras": 0,
                "total": 4
              }
            },
            {
              "batter": "S Gajnabi",
              "bowler": "M Clarke",
              "non_striker": "SA Campbelle",
              "runs": {
                "batter": 1,
                "extras": 0,
                "total": 1
              }
            },
            {
              "batter": "SA Campbelle",
              "bowler": "M Clarke",
              "non_striker": "S Gajnabi",
              "runs": {
                "batter": 0,
                "extras": 0,
                "total": 0
              }
            },
            {
              "batter": "SA Campbelle",
              "bowler": "M Clarke",
              "non_striker": "S Gajnabi",
              "runs": {
                "batter": 4,
                "extras": 0,
                "total": 4
              }
            }
          ]
        },
        {
          "over": 11,
          "deliveries": [
            {
              "batter": "S Gajnabi",
              "bowler": "A Edwards",
              "non_striker": "SA Campbelle",
              "runs": {
                "batter": 0,
                "extras": 0,
                "total": 0
              }
            },
            {
              "batter": "S Gajnabi",
              "bowler": "A Edwards",
              "non_striker": "SA Campbelle",
              "runs": {
                "batter": 1,
                "extras": 0,
                "total": 1
              }
            },
            {
              "batter": "SA Campbelle",
              "bowler": "A Edwards",
              "non_striker": "S Gajnabi",
              "runs": {
                "batter": 2,
                "extras": 0,
                "total": 2
              }
            },
            {
              "batter": "SA Campbelle",
              "bowler": "A Edwards",
              "non_striker": "S Gajnabi",
              "runs": {
                "batter": 0,
                "extras": 0,
                "total": 0
              }
            },
            {
              "batter": "SA Campbelle",
              "bowler": "A Edwards",
              "non_striker": "S Gajnabi",
              "runs": {
                "batter": 0,
                "extras": 0,
                "total": 0
              }
            },
            {
              "batter": "SA Campbelle",
              "bowler": "A Edwards",
              "extras": {
                "wides": 1
              },
              "non_striker": "S Gajnabi",
              "runs": {
                "batter": 0,
                "extras": 1,
                "total": 1
              }
            },
            {
              "batter": "SA Campbelle",
              "bowler": "A Edwards",
              "non_striker": "S Gajnabi",
              "runs": {
                "batter": 0,
                "extras": 0,
                "total": 0
              }
            }
          ]
        },
        {
          "over": 12,
          "deliveries": [
            {
              "batter": "S Gajnabi",
              "bowler": "R Liburd",
              "non_striker": "SA Campbelle",
              "runs": {
                "batter": 0,
                "extras": 0,
                "total": 0
              }
            },
            {
              "batter": "S Gajnabi",
              "bowler": "R Liburd",
              "non_striker": "SA Campbelle",
              "runs": {
                "batter": 1,
                "extras": 0,
                "total": 1
              }
            },
            {
              "batter": "SA Campbelle",
              "bowler": "R Liburd",
              "non_striker": "S Gajnabi",
              "runs": {
                "batter": 1,
                "extras": 0,
                "total": 1
              }
            },
            {
              "batter": "S Gajnabi",
              "bowler": "R Liburd",
              "non_striker": "SA Campbelle",
              "runs": {
                "batter": 0,
                "extras": 0,
                "total": 0
              }
            },
            {
              "batter": "S Gajnabi",
              "bowler": "R Liburd",
              "non_striker": "SA Campbelle",
              "runs": {
                "batter": 0,
                "extras": 0,
                "total": 0
              }
            },
            {
              "batter": "S Gajnabi",
              "bowler": "R Liburd",
              "non_striker": "SA Campbelle",
              "runs": {
                "batter": 2,
                "extras": 0,
                "total": 2
              }
            }
          ]
        },
        {
          "over": 13,
          "deliveries": [
            {
              "batter": "SA Campbelle",
              "bowler": "A Edwards",
              "non_striker": "S Gajnabi",
              "runs": {
                "batter": 0,
                "extras": 0,
                "total": 0
              }
            },
            {
              "batter": "SA Campbelle",
              "bowler": "A Edwards",
              "non_striker": "S Gajnabi",
              "runs": {
                "batter": 4,
                "extras": 0,
                "total": 4
              }
            },
            {
              "batter": "SA Campbelle",
              "bowler": "A Edwards",
              "non_striker": "S Gajnabi",
              "runs": {
                "batter": 0,
                "extras": 0,
                "total": 0
              }
            },
            {
              "batter": "SA Campbelle",
              "bowler": "A Edwards",
              "extras": {
                "wides": 1
              },
              "non_striker": "S Gajnabi",
              "runs": {
                "batter": 0,
                "extras": 1,
                "total": 1
              }
            },
            {
              "batter": "SA Campbelle",
              "bowler": "A Edwards",
              "non_striker": "S Gajnabi",
              "runs": {
                "batter": 0,
                "extras": 0,
                "total": 0
              }
            },
            {
              "batter": "SA Campbelle",
              "bowler": "A Edwards",
              "non_striker": "S Gajnabi",
              "runs": {
                "batter": 4,
                "extras": 0,
                "total": 4
              }
            },
            {
              "batter": "SA Campbelle",
              "bowler": "A Edwards",
              "non_striker": "S Gajnabi",
              "runs": {
                "batter": 1,
                "extras": 0,
                "total": 1
              }
            }
          ]
        },
        {
          "over": 14,
          "deliveries": [
            {
              "batter": "SA Campbelle",
              "bowler": "R Liburd",
              "non_striker": "S Gajnabi",
              "runs": {
                "batter": 0,
                "extras": 0,
                "total": 0
              }
            },
            {
              "batter": "SA Campbelle",
              "bowler": "R Liburd",
              "non_striker": "S Gajnabi",
              "runs": {
                "batter": 0,
                "extras": 0,
                "total": 0
              }
            },
            {
              "batter": "SA Campbelle",
              "bowler": "R Liburd",
              "non_striker": "S Gajnabi",
              "runs": {
                "batter": 0,
                "extras": 0,
                "total": 0
              }
            },
            {
              "batter": "SA Campbelle",
              "bowler": "R Liburd",
              "extras": {
                "wides": 1
              },
              "non_striker": "S Gajnabi",
              "runs": {
                "batter": 0,
                "extras": 1,
                "total": 1
              }
            }
          ]
        }
      ],
      "powerplays": [
        {
          "from": 0.1,
          "to": 9.7,
          "type": "mandatory"
        }
      ]
    }
  ]
}