{
  "meta": {
    "data_version": "1.1.0",
    "created": "2022-07-28",
    "revision": 1
  },
  "info": {
    "balls_per_over": 6,
    "dates": [
      "2022-06-23"
    ],
    "event": {
      "name": "CG United Women's Super50",
      "stage": "Semi Final"
    },
    "gender": "female",
    "match_type": "ODM",
    "officials": {
      "umpires": [
        "S Crawford",
        "LN Rajkumar"
      ]
    },
    "outcome": {
      "winner": "Jamaica",
      "by": {
        "wickets": 8
      }
    },
    "overs": 50,
    "players": {
      "Guyana": [
        "M Mangru",
        "KK Mentore",
        "SA Campbelle",
        "S Gajnabi",
        "SS Grimmond",
        "LCA Toussaint",
        "CS Fraser",
        "K Schultz",
        "PO Millington",
        "TD Smartt",
        "EM Giddings"
      ],
      "Jamaica": [
        "NY McLean",
        "RS Williams",
        "SR Taylor",
        "CA Henry",
        "JE Walcott",
        "TR Sanford",
        "K Ferron",
        "C Howell",
        "JN Morgan",
        "NA Waisome",
        "VN Watts"
      ]
    },
    "registry": {
      "people": {
        "C Howell": "75a667c0",
        "CA Henry": "75820733",
        "CS Fraser": "fb9a8cc3",
        "EM Giddings": "b2289ae8",
        "JE Walcott": "24baff57",
        "JN Morgan": "7bf610f3",
        "K Ferron": "4083414c",
        "K Schultz": "6900060d",
        "KK Mentore": "df36df18",
        "LCA Toussaint": "f9c65d8d",
        "LN Rajkumar": "e331686b",
        "M Mangru": "b9fec7a5",
        "NA Waisome": "a45db27e",
        "NY McLean": "1d39dc61",
        "PO Millington": "b06ed525",
        "RS Williams": "406de451",
        "S Crawford": "4b9184fd",
        "S Gajnabi": "c35739a1",
        "SA Campbelle": "a7cd72b2",
        "SR Taylor": "92cf79a8",
        "SS Grimmond": "6bebf334",
        "TD Smartt": "cc3884f9",
        "TR Sanford": "7ca6154f",
        "VN Watts": "2c41bdab"
      }
    },
    "season": "2022",
    "team_type": "club",
    "teams": [
      "Guyana",
      "Jamaica"
    ],
    "toss": {
      "decision": "field",
      "winner": "Jamaica"
    },
    "venue": "Guyana National Stadium, Providence"
  },
  "innings": [
    {
      "team": "Guyana",
      "overs": [
        {
          "over": 0,
          "deliveries": [
            {
              "batter": "M Mangru",
              "bowler": "CA Henry",
              "extras": {
                "wides": 5
              },
              "non_striker": "LCA Toussaint",
              "runs": {
                "batter": 0,
                "extras": 5,
                "total": 5
              }
            },
            {
              "batter": "M Mangru",
              "bowler": "CA Henry",
              "non_striker": "LCA Toussaint",
              "runs": {
                "batter": 0,
                "extras": 0,
                "total": 0
              }
            },
            {
              "batter": "M Mangru",
              "bowler": "CA Henry",
              "extras": {
                "wides": 1
              },
              "non_striker": "LCA Toussaint",
              "runs": {
                "batter": 0,
                "extras": 1,
                "total": 1
              }
            },
            {
              "batter": "M Mangru",
              "bowler": "CA Henry",
              "non_striker": "LCA Toussaint",
              "runs": {
                "batter": 0,
                "extras": 0,
                "total": 0
              }
            },
            {
              "batter": "M Mangru",
              "bowler": "CA Henry",
              "non_striker": "LCA Toussaint",
              "runs": {
                "batter": 0,
                "extras": 0,
                "total": 0
              },
              "wickets": [
                {
                  "player_out": "M Mangru",
                  "fielders": [
                    {
                      "name": "TR Sanford"
                    }
                  ],
                  "kind": "caught"
                }
              ]
            },
            {
              "batter": "SA Campbelle",
              "bowler": "CA Henry",
              "extras": {
                "wides": 1
              },
              "non_striker": "LCA Toussaint",
              "runs": {
                "batter": 0,
                "extras": 1,
                "total": 1
              }
            },
            {
              "batter": "SA Campbelle",
              "bowler": "CA Henry",
              "non_striker": "LCA Toussaint",
              "runs": {
                "batter": 0,
                "extras": 0,
                "total": 0
              }
            },
            {
              "batter": "SA Campbelle",
              "bowler": "CA Henry",
              "non_striker": "LCA Toussaint",
              "runs": {
                "batter": 4,
                "extras": 0,
                "total": 4
              }
            },
            {
              "batter": "SA Campbelle",
              "bowler": "CA Henry",
              "non_striker": "LCA Toussaint",
              "runs": {
                "batter": 0,
                "extras": 0,
                "total": 0
              }
            }
          ]
        },
        {
          "over": 1,
          "deliveries": [
            {
              "batter": "LCA Toussaint",
              "bowler": "VN Watts",
              "non_striker": "SA Campbelle",
              "runs": {
                "batter": 0,
                "extras": 0,
                "total": 0
              }
            },
            {
              "batter": "LCA Toussaint",
              "bowler": "VN Watts",
              "extras": {
                "wides": 1
              },
              "non_striker": "SA Campbelle",
              "runs": {
                "batter": 0,
                "extras": 1,
                "total": 1
              }
            },
            {
              "batter": "LCA Toussaint",
              "bowler": "VN Watts",
              "non_striker": "SA Campbelle",
              "runs": {
                "batter": 0,
                "extras": 0,
                "total": 0
              },
              "wickets": [
                {
                  "player_out": "LCA Toussaint",
                  "fielders": [
                    {
                      "name": "SR Taylor"
                    }
                  ],
                  "kind": "caught"
                }
              ]
            },
            {
              "batter": "SS Grimmond",
              "bowler": "VN Watts",
              "non_striker": "SA Campbelle",
              "runs": {
                "batter": 0,
                "extras": 0,
                "total": 0
              }
            },
            {
              "batter": "SS Grimmond",
              "bowler": "VN Watts",
              "non_striker": "SA Campbelle",
              "runs": {
                "batter": 0,
                "extras": 0,
                "total": 0
              }
            },
            {
              "batter": "SS Grimmond",
              "bowler": "VN Watts",
              "non_striker": "SA Campbelle",
              "runs": {
                "batter": 0,
                "extras": 0,
                "total": 0
              }
            },
            {
              "batter": "SS Grimmond",
              "bowler": "VN Watts",
              "non_striker": "SA Campbelle",
              "runs": {
                "batter": 0,
                "extras": 0,
                "total": 0
              }
            }
          ]
        },
        {
          "over": 2,
          "deliveries": [
            {
              "batter": "SA Campbelle",
              "bowler": "CA Henry",
              "non_striker": "SS Grimmond",
              "runs": {
                "batter": 1,
                "extras": 0,
                "total": 1
              }
            },
            {
              "batter": "SS Grimmond",
              "bowler": "CA Henry",
              "non_striker": "SA Campbelle",
              "runs": {
                "batter": 0,
                "extras": 0,
                "total": 0
              }
            },
            {
              "batter": "SS Grimmond",
              "bowler": "CA Henry",
              "non_striker": "SA Campbelle",
              "runs": {
                "batter": 1,
                "extras": 0,
                "total": 1
              }
            },
            {
              "batter": "SA Campbelle",
              "bowler": "CA Henry",
              "non_striker": "SS Grimmond",
              "runs": {
                "batter": 0,
                "extras": 0,
                "total": 0
              },
              "wickets": [
                {
                  "player_out": "SA Campbelle",
                  "kind": "bowled"
                }
              ]
            },
            {
              "batter": "S Gajnabi",
              "bowler": "CA Henry",
              "non_striker": "SS Grimmond",
              "runs": {
                "batter": 1,
                "extras": 0,
                "total": 1
              }
            },
            {
              "batter": "SS Grimmond",
              "bowler": "CA Henry",
              "non_striker": "S Gajnabi",
              "runs": {
                "batter": 0,
                "extras": 0,
                "total": 0
              }
            }
          ]
        },
        {
          "over": 3,
          "deliveries": [
            {
              "batter": "S Gajnabi",
              "bowler": "VN Watts",
              "non_striker": "SS Grimmond",
              "runs": {
                "batter": 0,
                "extras": 0,
                "total": 0
              }
            },
            {
              "batter": "S Gajnabi",
              "bowler": "VN Watts",
              "non_striker": "SS Grimmond",
              "runs": {
                "batter": 0,
                "extras": 0,
                "total": 0
              }
            },
            {
              "batter": "S Gajnabi",
              "bowler": "VN Watts",
              "non_striker": "SS Grimmond",
              "runs": {
                "batter": 1,
                "extras": 0,
                "total": 1
              }
            },
            {
              "batter": "SS Grimmond",
              "bowler": "VN Watts",
              "non_striker": "S Gajnabi",
              "runs": {
                "batter": 1,
                "extras": 0,
                "total": 1
              }
            },
            {
              "batter": "S Gajnabi",
              "bowler": "VN Watts",
              "non_striker": "SS Grimmond",
              "runs": {
                "batter": 0,
                "extras": 0,
                "total": 0
              }
            },
            {
              "batter": "S Gajnabi",
              "bowler": "VN Watts",
              "non_striker": "SS Grimmond",
              "runs": {
                "batter": 0,
                "extras": 0,
                "total": 0
              }
            }
          ]
        },
        {
          "over": 4,
          "deliveries": [
            {
              "batter": "SS Grimmond",
              "bowler": "CA Henry",
              "non_striker": "S Gajnabi",
              "runs": {
                "batter": 0,
                "extras": 0,
                "total": 0
              }
            },
            {
              "batter": "SS Grimmond",
              "bowler": "CA Henry",
              "non_striker": "S Gajnabi",
              "runs": {
                "batter": 0,
                "extras": 0,
                "total": 0
              }
            },
            {
              "batter": "SS Grimmond",
              "bowler": "CA Henry",
              "non_striker": "S Gajnabi",
              "runs": {
                "batter": 0,
                "extras": 0,
                "total": 0
              },
              "wickets": [
                {
                  "player_out": "SS Grimmond",
                  "fielders": [
                    {
                      "name": "K Ferron"
                    }
                  ],
                  "kind": "caught"
                }
              ]
            },
            {
              "batter": "KK Mentore",
              "bowler": "CA Henry",
              "non_striker": "S Gajnabi",
              "runs": {
                "batter": 0,
                "extras": 0,
                "total": 0
              }
            },
            {
              "batter": "KK Mentore",
              "bowler": "CA Henry",
              "non_striker": "S Gajnabi",
              "runs": {
                "batter": 0,
                "extras": 0,
                "total": 0
              }
            },
            {
              "batter": "KK Mentore",
              "bowler": "CA Henry",
              "non_striker": "S Gajnabi",
              "runs": {
                "batter": 0,
                "extras": 0,
                "total": 0
              }
            }
          ]
        },
        {
          "over": 5,
          "deliveries": [
            {
              "batter": "S Gajnabi",
              "bowler": "VN Watts",
              "non_striker": "KK Mentore",
              "runs": {
                "batter": 0,
                "extras": 0,
                "total": 0
              }
            },
            {
              "batter": "S Gajnabi",
              "bowler": "VN Watts",
              "non_striker": "KK Mentore",
              "runs": {
                "batter": 0,
                "extras": 0,
                "total": 0
              }
            },
            {
              "batter": "S Gajnabi",
              "bowler": "VN Watts",
              "non_striker": "KK Mentore",
              "runs": {
                "batter": 0,
                "extras": 0,
                "total": 0
              }
            },
            {
              "batter": "S Gajnabi",
              "bowler": "VN Watts",
              "non_striker": "KK Mentore",
              "runs": {
                "batter": 1,
                "extras": 0,
                "total": 1
              }
            },
            {
              "batter": "KK Mentore",
              "bowler": "VN Watts",
              "non_striker": "S Gajnabi",
              "runs": {
                "batter": 0,
                "extras": 0,
                "total": 0
              }
            },
            {
              "batter": "KK Mentore",
              "bowler": "VN Watts",
              "non_striker": "S Gajnabi",
              "runs": {
                "batter": 0,
                "extras": 0,
                "total": 0
              }
            }
          ]
        },
        {
          "over": 6,
          "deliveries": [
            {
              "batter": "S Gajnabi",
              "bowler": "CA Henry",
              "non_striker": "KK Mentore",
              "runs": {
                "batter": 0,
                "extras": 0,
                "total": 0
              }
            },
            {
              "batter": "S Gajnabi",
              "bowler": "CA Henry",
              "non_striker": "KK Mentore",
              "runs": {
                "batter": 0,
                "extras": 0,
                "total": 0
              }
            },
            {
              "batter": "S Gajnabi",
              "bowler": "CA Henry",
              "non_striker": "KK Mentore",
              "runs": {
                "batter": 0,
                "extras": 0,
                "total": 0
              }
            },
            {
              "batter": "S Gajnabi",
              "bowler": "CA Henry",
              "non_striker": "KK Mentore",
              "runs": {
                "batter": 0,
                "extras": 0,
                "total": 0
              }
            },
            {
              "batter": "S Gajnabi",
              "bowler": "CA Henry",
              "non_striker": "KK Mentore",
              "runs": {
                "batter": 0,
                "extras": 0,
                "total": 0
              },
              "wickets": [
                {
                  "player_out": "S Gajnabi",
                  "kind": "lbw"
                }
              ]
            },
            {
              "batter": "TD Smartt",
              "bowler": "CA Henry",
              "non_striker": "KK Mentore",
              "runs": {
                "batter": 0,
                "extras": 0,
                "total": 0
              }
            }
          ]
        },
        {
          "over": 7,
          "deliveries": [
            {
              "batter": "KK Mentore",
              "bowler": "VN Watts",
              "non_striker": "TD Smartt",
              "runs": {
                "batter": 0,
                "extras": 0,
                "total": 0
              }
            },
            {
              "batter": "KK Mentore",
              "bowler": "VN Watts",
              "non_striker": "TD Smartt",
              "runs": {
                "batter": 0,
                "extras": 0,
                "total": 0
              }
            },
            {
              "batter": "KK Mentore",
              "bowler": "VN Watts",
              "non_striker": "TD Smartt",
              "runs": {
                "batter": 0,
                "extras": 0,
                "total": 0
              }
            },
            {
              "batter": "KK Mentore",
              "bowler": "VN Watts",
              "non_striker": "TD Smartt",
              "runs": {
                "batter": 0,
                "extras": 0,
                "total": 0
              }
            },
            {
              "batter": "KK Mentore",
              "bowler": "VN Watts",
              "non_striker": "TD Smartt",
              "runs": {
                "batter": 0,
                "extras": 0,
                "total": 0
              }
            },
            {
              "batter": "KK Mentore",
              "bowler": "VN Watts",
              "non_striker": "TD Smartt",
              "runs": {
                "batter": 0,
                "extras": 0,
                "total": 0
              }
            }
          ]
        },
        {
          "over": 8,
          "deliveries": [
            {
              "batter": "TD Smartt",
              "bowler": "CA Henry",
              "non_striker": "KK Mentore",
              "runs": {
                "batter": 0,
                "extras": 0,
                "total": 0
              }
            },
            {
              "batter": "TD Smartt",
              "bowler": "CA Henry",
              "non_striker": "KK Mentore",
              "runs": {
                "batter": 0,
                "extras": 0,
                "total": 0
              }
            },
            {
              "batter": "TD Smartt",
              "bowler": "CA Henry",
              "non_striker": "KK Mentore",
              "runs": {
                "batter": 0,
                "extras": 0,
                "total": 0
              }
            },
            {
              "batter": "TD Smartt",
              "bowler": "CA Henry",
              "non_striker": "KK Mentore",
              "runs": {
                "batter": 0,
                "extras": 0,
                "total": 0
              }
            },
            {
              "batter": "TD Smartt",
              "bowler": "CA Henry",
              "non_striker": "KK Mentore",
              "runs": {
                "batter": 0,
                "extras": 0,
                "total": 0
              }
            },
            {
              "batter": "TD Smartt",
              "bowler": "CA Henry",
              "non_striker": "KK Mentore",
              "runs": {
                "batter": 0,
                "extras": 0,
                "total": 0
              }
            }
          ]
        },
        {
          "over": 9,
          "deliveries": [
            {
              "batter": "KK Mentore",
              "bowler": "VN Watts",
              "non_striker": "TD Smartt",
              "runs": {
                "batter": 0,
                "extras": 0,
                "total": 0
              }
            },
            {
              "batter": "KK Mentore",
              "bowler": "VN Watts",
              "non_striker": "TD Smartt",
              "runs": {
                "batter": 0,
                "extras": 0,
                "total": 0
              }
            },
            {
              "batter": "KK Mentore",
              "bowler": "VN Watts",
              "non_striker": "TD Smartt",
              "runs": {
                "batter": 0,
                "extras": 0,
                "total": 0
              }
            },
            {
              "batter": "KK Mentore",
              "bowler": "VN Watts",
              "non_striker": "TD Smartt",
              "runs": {
                "batter": 0,
                "extras": 0,
                "total": 0
              },
              "wickets": [
                {
                  "player_out": "KK Mentore",
                  "kind": "lbw"
                }
              ]
            },
            {
              "batter": "CS Fraser",
              "bowler": "VN Watts",
              "extras": {
                "wides": 1
              },
              "non_striker": "TD Smartt",
              "runs": {
                "batter": 0,
                "extras": 1,
                "total": 1
              }
            },
            {
              "batter": "CS Fraser",
              "bowler": "VN Watts",
              "non_striker": "TD Smartt",
              "runs": {
                "batter": 0,
                "extras": 0,
                "total": 0
              },
              "wickets": [
                {
                  "player_out": "CS Fraser",
                  "kind": "lbw"
                }
              ]
            },
            {
              "batter": "K Schultz",
              "bowler": "VN Watts",
              "non_striker": "TD Smartt",
              "runs": {
                "batter": 0,
                "extras": 0,
                "total": 0
              },
              "wickets": [
                {
                  "player_out": "K Schultz",
                  "kind": "lbw"
                }
              ]
            }
          ]
        },
        {
          "over": 10,
          "deliveries": [
            {
              "batter": "TD Smartt",
              "bowler": "CA Henry",
              "non_striker": "PO Millington",
              "runs": {
                "batter": 0,
                "extras": 0,
                "total": 0
              },
              "wickets": [
                {
                  "player_out": "TD Smartt",
                  "kind": "lbw"
                }
              ]
            },
            {
              "batter": "EM Giddings",
              "bowler": "CA Henry",
              "non_striker": "PO Millington",
              "runs": {
                "batter": 0,
                "extras": 0,
                "total": 0
              }
            },
            {
              "batter": "EM Giddings",
              "bowler": "CA Henry",
              "non_striker": "PO Millington",
              "runs": {
                "batter": 0,
                "extras": 0,
                "total": 0
              }
            },
            {
              "batter": "EM Giddings",
              "bowler": "CA Henry",
              "non_striker": "PO Millington",
              "runs": {
                "batter": 4,
                "extras": 0,
                "total": 4
              }
            },
            {
              "batter": "EM Giddings",
              "bowler": "CA Henry",
              "non_striker": "PO Millington",
              "runs": {
                "batter": 0,
                "extras": 0,
                "total": 0
              }
            },
            {
              "batter": "EM Giddings",
              "bowler": "CA Henry",
              "non_striker": "PO Millington",
              "runs": {
                "batter": 0,
                "extras": 0,
                "total": 0
              }
            }
          ]
        },
        {
          "over": 11,
          "deliveries": [
            {
              "batter": "PO Millington",
              "bowler": "VN Watts",
              "non_striker": "EM Giddings",
              "runs": {
                "batter": 0,
                "extras": 0,
                "total": 0
              }
            },
            {
              "batter": "PO Millington",
              "bowler": "VN Watts",
              "non_striker": "EM Giddings",
              "runs": {
                "batter": 0,
                "extras": 0,
                "total": 0
              },
              "wickets": [
                {
                  "player_out": "PO Millington",
                  "kind": "lbw"
                }
              ]
            }
          ]
        }
      ],
      "powerplays": [
        {
          "from": 0.1,
          "to": 9.7,
          "type": "mandatory"
        }
      ]
    },
    {
      "team": "Jamaica",
      "overs": [
        {
          "over": 0,
          "deliveries": [
            {
              "batter": "RS Williams",
              "bowler": "PO Millington",
              "non_striker": "K Ferron",
              "runs": {
                "batter": 0,
                "extras": 0,
                "total": 0
              }
            },
            {
              "batter": "RS Williams",
              "bowler": "PO Millington",
              "non_striker": "K Ferron",
              "runs": {
                "batter": 4,
                "extras": 0,
                "total": 4
              }
            },
            {
              "batter": "RS Williams",
              "bowler": "PO Millington",
              "non_striker": "K Ferron",
              "runs": {
                "batter": 4,
                "extras": 0,
                "total": 4
              }
            },
            {
              "batter": "RS Williams",
              "bowler": "PO Millington",
              "non_striker": "K Ferron",
              "runs": {
                "batter": 0,
                "extras": 0,
                "total": 0
              }
            },
            {
              "batter": "RS Williams",
              "bowler": "PO Millington",
              "non_striker": "K Ferron",
              "runs": {
                "batter": 0,
                "extras": 0,
                "total": 0
              }
            },
            {
              "batter": "RS Williams",
              "bowler": "PO Millington",
              "non_striker": "K Ferron",
              "runs": {
                "batter": 0,
                "extras": 0,
                "total": 0
              }
            }
          ]
        },
        {
          "over": 1,
          "deliveries": [
            {
              "batter": "K Ferron",
              "bowler": "TD Smartt",
              "non_striker": "RS Williams",
              "runs": {
                "batter": 0,
                "extras": 0,
                "total": 0
              }
            },
            {
              "batter": "K Ferron",
              "bowler": "TD Smartt",
              "non_striker": "RS Williams",
              "runs": {
                "batter": 1,
                "extras": 0,
                "total": 1
              }
            },
            {
              "batter": "RS Williams",
              "bowler": "TD Smartt",
              "non_striker": "K Ferron",
              "runs": {
                "batter": 1,
                "extras": 0,
                "total": 1
              }
            },
            {
              "batter": "K Ferron",
              "bowler": "TD Smartt",
              "non_striker": "RS Williams",
              "runs": {
                "batter": 0,
                "extras": 0,
                "total": 0
              }
            },
            {
              "batter": "K Ferron",
              "bowler": "TD Smartt",
              "non_striker": "RS Williams",
              "runs": {
                "batter": 0,
                "extras": 0,
                "total": 0
              }
            },
            {
              "batter": "K Ferron",
              "bowler": "TD Smartt",
              "extras": {
                "byes": 1
              },
              "non_striker": "RS Williams",
              "runs": {
                "batter": 0,
                "extras": 1,
                "total": 1
              }
            }
          ]
        },
        {
          "over": 2,
          "deliveries": [
            {
              "batter": "K Ferron",
              "bowler": "PO Millington",
              "non_striker": "RS Williams",
              "runs": {
                "batter": 1,
                "extras": 0,
                "total": 1
              }
            },
            {
              "batter": "RS Williams",
              "bowler": "PO Millington",
              "non_striker": "K Ferron",
              "runs": {
                "batter": 0,
                "extras": 0,
                "total": 0
              }
            },
            {
              "batter": "RS Williams",
              "bowler": "PO Millington",
              "non_striker": "K Ferron",
              "runs": {
                "batter": 3,
                "extras": 0,
                "total": 3
              }
            },
            {
              "batter": "K Ferron",
              "bowler": "PO Millington",
              "non_striker": "RS Williams",
              "runs": {
                "batter": 0,
                "extras": 0,
                "total": 0
              }
            },
            {
              "batter": "K Ferron",
              "bowler": "PO Millington",
              "non_striker": "RS Williams",
              "runs": {
                "batter": 0,
                "extras": 0,
                "total": 0
              }
            },
            {
              "batter": "K Ferron",
              "bowler": "PO Millington",
              "non_striker": "RS Williams",
              "runs": {
                "batter": 0,
                "extras": 0,
                "total": 0
              }
            }
          ]
        },
        {
          "over": 3,
          "deliveries": [
            {
              "batter": "RS Williams",
              "bowler": "TD Smartt",
              "non_striker": "K Ferron",
              "runs": {
                "batter": 0,
                "extras": 0,
                "total": 0
              }
            },
            {
              "batter": "RS Williams",
              "bowler": "TD Smartt",
              "non_striker": "K Ferron",
              "runs": {
                "batter": 0,
                "extras": 0,
                "total": 0
              },
              "wickets": [
                {
                  "player_out": "RS Williams",
                  "fielders": [
                    {
                      "name": "CS Fraser"
                    }
                  ],
                  "kind": "caught"
                }
              ]
            },
            {
              "batter": "JN Morgan",
              "bowler": "TD Smartt",
              "non_striker": "K Ferron",
              "runs": {
                "batter": 0,
                "extras": 0,
                "total": 0
              }
            },
            {
              "batter": "JN Morgan",
              "bowler": "TD Smartt",
              "non_striker": "K Ferron",
              "runs": {
                "batter": 0,
                "extras": 0,
                "total": 0
              }
            },
            {
              "batter": "JN Morgan",
              "bowler": "TD Smartt",
              "non_striker": "K Ferron",
              "runs": {
                "batter": 4,
                "extras": 0,
                "total": 4
              }
            },
            {
              "batter": "JN Morgan",
              "bowler": "TD Smartt",
              "non_striker": "K Ferron",
              "runs": {
                "batter": 0,
                "extras": 0,
                "total": 0
              }
            }
          ]
        },
        {
          "over": 4,
          "deliveries": [
            {
              "batter": "K Ferron",
              "bowler": "PO Millington",
              "non_striker": "JN Morgan",
              "runs": {
                "batter": 0,
                "extras": 0,
                "total": 0
              }
            },
            {
              "batter": "K Ferron",
              "bowler": "PO Millington",
              "non_striker": "JN Morgan",
              "runs": {
                "batter": 2,
                "extras": 0,
                "total": 2
              }
            },
            {
              "batter": "K Ferron",
              "bowler": "PO Millington",
              "non_striker": "JN Morgan",
              "runs": {
                "batter": 2,
                "extras": 0,
                "total": 2
              }
            },
            {
              "batter": "K Ferron",
              "bowler": "PO Millington",
              "non_striker": "JN Morgan",
              "runs": {
                "batter": 0,
                "extras": 0,
                "total": 0
              }
            },
            {
              "batter": "K Ferron",
              "bowler": "PO Millington",
              "non_striker": "JN Morgan",
              "runs": {
                "batter": 0,
                "extras": 0,
                "total": 0
              },
              "wickets": [
                {
                  "player_out": "K Ferron",
                  "fielders": [
                    {
                      "name": "S Gajnabi"
                    }
                  ],
                  "kind": "caught"
                }
              ]
            },
            {
              "batter": "SR Taylor",
              "bowler": "PO Millington",
              "non_striker": "JN Morgan",
              "runs": {
                "batter": 0,
                "extras": 0,
                "total": 0
              }
            }
          ]
        },
        {
          "over": 5,
          "deliveries": [
            {
              "batter": "JN Morgan",
              "bowler": "TD Smartt",
              "non_striker": "SR Taylor",
              "runs": {
                "batter": 4,
                "extras": 0,
                "total": 4
              }
            }
          ]
        }
      ],
      "powerplays": [
        {
          "from": 0.1,
          "to": 5.1,
          "type": "mandatory"
        }
      ]
    }
  ]
}