{
  "meta": {
    "data_version": "1.1.0",
    "created": "2022-07-28",
    "revision": 1
  },
  "info": {
    "balls_per_over": 6,
    "dates": [
      "2022-06-25"
    ],
    "event": {
      "name": "CG United Women's Super50",
      "stage": "Final"
    },
    "gender": "female",
    "match_type": "ODM",
    "officials": {
      "umpires": [
        "S Crawford",
        "JM Williams"
      ]
    },
    "outcome": {
      "winner": "Barbados",
      "by": {
        "wickets": 8
      },
      "method": "D/L"
    },
    "overs": 50,
    "players": {
      "Barbados": [
        "Kycia A Knight",
        "HK Matthews",
        "Kyshona A Knight",
        "A Scantlebury",
        "AA Alleyne",
        "T Holder",
        "SC Selman",
        "A Williams",
        "S Carrington",
        "SJ Bruce",
        "Shai Carrington"
      ],
      "Jamaica": [
        "NY McLean",
        "RS Williams",
        "SR Taylor",
        "CA Henry",
        "K Ferron",
        "JN Morgan",
        "JE Walcott",
        "C Howell",
        "NA Waisome",
        "TR Sanford",
        "VN Watts"
      ]
    },
    "registry": {
      "people": {
        "A Scantlebury": "99aec976",
        "A Williams": "f1733e13",
        "AA Alleyne": "4b0e3049",
        "C Howell": "75a667c0",
        "CA Henry": "75820733",
        "HK Matthews": "d32cf49a",
        "JE Walcott": "24baff57",
        "JM Williams": "b61d9d70",
        "JN Morgan": "7bf610f3",
        "K Ferron": "4083414c",
        "Kycia A Knight": "552f664a",
        "Kyshona A Knight": "d85a1960",
        "NA Waisome": "a45db27e",
        "NY McLean": "1d39dc61",
        "RS Williams": "406de451",
        "S Carrington": "9087d74c",
        "S Crawford": "4b9184fd",
        "SC Selman": "c29ada99",
        "SJ Bruce": "aeccf5cc",
        "SR Taylor": "92cf79a8",
        "Shai Carrington": "771370b0",
        "T Holder": "41fd2907",
        "TR Sanford": "7ca6154f",
        "VN Watts": "2c41bdab"
      }
    },
    "season": "2022",
    "team_type": "club",
    "teams": [
      "Barbados",
      "Jamaica"
    ],
    "toss": {
      "decision": "bat",
      "winner": "Jamaica"
    },
    "venue": "Guyana National Stadium, Providence"
  },
  "innings": [
    {
      "team": "Jamaica",
      "overs": [
        {
          "over": 0,
          "deliveries": [
            {
              "batter": "RS Williams",
              "bowler": "SJ Bruce",
              "non_striker": "K Ferron",
              "runs": {
                "batter": 0,
                "extras": 0,
                "total": 0
              }
            },
            {
              "batter": "RS Williams",
              "bowler": "SJ Bruce",
              "non_striker": "K Ferron",
              "runs": {
                "batter": 1,
                "extras": 0,
                "total": 1
              }
            },
            {
              "batter": "K Ferron",
              "bowler": "SJ Bruce",
              "extras": {
                "wides": 1
              },
              "non_striker": "RS Williams",
              "runs": {
                "batter": 0,
                "extras": 1,
                "total": 1
              }
            },
            {
              "batter": "K Ferron",
              "bowler": "SJ Bruce",
              "extras": {
                "wides": 1
              },
              "non_striker": "RS Williams",
              "runs": {
                "batter": 0,
                "extras": 1,
                "total": 1
              }
            },
            {
              "batter": "K Ferron",
              "bowler": "SJ Bruce",
              "non_striker": "RS Williams",
              "runs": {
                "batter": 0,
                "extras": 0,
                "total": 0
              }
            },
            {
              "batter": "K Ferron",
              "bowler": "SJ Bruce",
              "non_striker": "RS Williams",
              "runs": {
                "batter": 0,
                "extras": 0,
                "total": 0
              }
            },
            {
              "batter": "K Ferron",
              "bowler": "SJ Bruce",
              "non_striker": "RS Williams",
              "runs": {
                "batter": 4,
                "extras": 0,
                "total": 4
              }
            },
            {
              "batter": "K Ferron",
              "bowler": "SJ Bruce",
              "non_striker": "RS Williams",
              "runs": {
                "batter": 0,
                "extras": 0,
                "total": 0
              }
            }
          ]
        },
        {
          "over": 1,
          "deliveries": [
            {
              "batter": "RS Williams",
              "bowler": "AA Alleyne",
              "non_striker": "K Ferron",
              "runs": {
                "batter": 0,
                "extras": 0,
                "total": 0
              }
            },
            {
              "batter": "RS Williams",
              "bowler": "AA Alleyne",
              "non_striker": "K Ferron",
              "runs": {
                "batter": 0,
                "extras": 0,
                "total": 0
              }
            },
            {
              "batter": "RS Williams",
              "bowler": "AA Alleyne",
              "non_striker": "K Ferron",
              "runs": {
                "batter": 0,
                "extras": 0,
                "total": 0
              }
            },
            {
              "batter": "RS Williams",
              "bowler": "AA Alleyne",
              "non_striker": "K Ferron",
              "runs": {
                "batter": 0,
                "extras": 0,
                "total": 0
              }
            },
            {
              "batter": "RS Williams",
              "bowler": "AA Alleyne",
              "non_striker": "K Ferron",
              "runs": {
                "batter": 0,
                "extras": 0,
                "total": 0
              }
            },
            {
              "batter": "RS Williams",
              "bowler": "AA Alleyne",
              "non_striker": "K Ferron",
              "runs": {
                "batter": 0,
                "extras": 0,
                "total": 0
              },
              "wickets": [
                {
                  "player_out": "RS Williams",
                  "kind": "lbw"
                }
              ]
            }
          ]
        },
        {
          "over": 2,
          "deliveries": [
            {
              "batter": "K Ferron",
              "bowler": "SJ Bruce",
              "non_striker": "JN Morgan",
              "runs": {
                "batter": 0,
                "extras": 0,
                "total": 0
              }
            },
            {
              "batter": "K Ferron",
              "bowler": "SJ Bruce",
              "non_striker": "JN Morgan",
              "runs": {
                "batter": 0,
                "extras": 0,
                "total": 0
              }
            },
            {
              "batter": "K Ferron",
              "bowler": "SJ Bruce",
              "non_striker": "JN Morgan",
              "runs": {
                "batter": 0,
                "extras": 0,
                "total": 0
              }
            },
            {
              "batter": "K Ferron",
              "bowler": "SJ Bruce",
              "non_striker": "JN Morgan",
              "runs": {
                "batter": 0,
                "extras": 0,
                "total": 0
              }
            },
            {
              "batter": "K Ferron",
              "bowler": "SJ Bruce",
              "non_striker": "JN Morgan",
              "runs": {
                "batter": 0,
                "extras": 0,
                "total": 0
              }
            },
            {
              "batter": "K Ferron",
              "bowler": "SJ Bruce",
              "non_striker": "JN Morgan",
              "runs": {
                "batter": 0,
                "extras": 0,
                "total": 0
              }
            }
          ]
        },
        {
          "over": 3,
          "deliveries": [
            {
              "batter": "JN Morgan",
              "bowler": "AA Alleyne",
              "non_striker": "K Ferron",
              "runs": {
                "batter": 0,
                "extras": 0,
                "total": 0
              }
            },
            {
              "batter": "JN Morgan",
              "bowler": "AA Alleyne",
              "non_striker": "K Ferron",
              "runs": {
                "batter": 0,
                "extras": 0,
                "total": 0
              }
            },
            {
              "batter": "JN Morgan",
              "bowler": "AA Alleyne",
              "non_striker": "K Ferron",
              "runs": {
                "batter": 0,
                "extras": 0,
                "total": 0
              }
            },
            {
              "batter": "JN Morgan",
              "bowler": "AA Alleyne",
              "non_striker": "K Ferron",
              "runs": {
                "batter": 0,
                "extras": 0,
                "total": 0
              }
            },
            {
              "batter": "JN Morgan",
              "bowler": "AA Alleyne",
              "non_striker": "K Ferron",
              "runs": {
                "batter": 0,
                "extras": 0,
                "total": 0
              }
            },
            {
              "batter": "JN Morgan",
              "bowler": "AA Alleyne",
              "non_striker": "K Ferron",
              "runs": {
                "batter": 4,
                "extras": 0,
                "total": 4
              }
            }
          ]
        },
        {
          "over": 4,
          "deliveries": [
            {
              "batter": "K Ferron",
              "bowler": "SJ Bruce",
              "non_striker": "JN Morgan",
              "runs": {
                "batter": 0,
                "extras": 0,
                "total": 0
              }
            },
            {
              "batter": "K Ferron",
              "bowler": "SJ Bruce",
              "non_striker": "JN Morgan",
              "runs": {
                "batter": 0,
                "extras": 0,
                "total": 0
              }
            },
            {
              "batter": "K Ferron",
              "bowler": "SJ Bruce",
              "non_striker": "JN Morgan",
              "runs": {
                "batter": 0,
                "extras": 0,
                "total": 0
              }
            },
            {
              "batter": "K Ferron",
              "bowler": "SJ Bruce",
              "non_striker": "JN Morgan",
              "runs": {
                "batter": 1,
                "extras": 0,
                "total": 1
              }
            },
            {
              "batter": "JN Morgan",
              "bowler": "SJ Bruce",
              "non_striker": "K Ferron",
              "runs": {
                "batter": 0,
                "extras": 0,
                "total": 0
              }
            },
            {
              "batter": "JN Morgan",
              "bowler": "SJ Bruce",
              "non_striker": "K Ferron",
              "runs": {
                "batter": 0,
                "extras": 0,
                "total": 0
              }
            }
          ]
        },
        {
          "over": 5,
          "deliveries": [
            {
              "batter": "K Ferron",
              "bowler": "AA Alleyne",
              "non_striker": "JN Morgan",
              "runs": {
                "batter": 0,
                "extras": 0,
                "total": 0
              }
            },
            {
              "batter": "K Ferron",
              "bowler": "AA Alleyne",
              "non_striker": "JN Morgan",
              "runs": {
                "batter": 0,
                "extras": 0,
                "total": 0
              }
            },
            {
              "batter": "K Ferron",
              "bowler": "AA Alleyne",
              "non_striker": "JN Morgan",
              "runs": {
                "batter": 0,
                "extras": 0,
                "total": 0
              }
            },
            {
              "batter": "K Ferron",
              "bowler": "AA Alleyne",
              "non_striker": "JN Morgan",
              "runs": {
                "batter": 0,
                "extras": 0,
                "total": 0
              }
            },
            {
              "batter": "K Ferron",
              "bowler": "AA Alleyne",
              "non_striker": "JN Morgan",
              "runs": {
                "batter": 0,
                "extras": 0,
                "total": 0
              }
            },
            {
              "batter": "K Ferron",
              "bowler": "AA Alleyne",
              "non_striker": "JN Morgan",
              "runs": {
                "batter": 0,
                "extras": 0,
                "total": 0
              }
            }
          ]
        },
        {
          "over": 6,
          "deliveries": [
            {
              "batter": "JN Morgan",
              "bowler": "SJ Bruce",
              "non_striker": "K Ferron",
              "runs": {
                "batter": 0,
                "extras": 0,
                "total": 0
              }
            },
            {
              "batter": "JN Morgan",
              "bowler": "SJ Bruce",
              "extras": {
                "wides": 1
              },
              "non_striker": "K Ferron",
              "runs": {
                "batter": 0,
                "extras": 1,
                "total": 1
              }
            },
            {
              "batter": "JN Morgan",
              "bowler": "SJ Bruce",
              "non_striker": "K Ferron",
              "runs": {
                "batter": 1,
                "extras": 0,
                "total": 1
              }
            },
            {
              "batter": "K Ferron",
              "bowler": "SJ Bruce",
              "non_striker": "JN Morgan",
              "runs": {
                "batter": 1,
                "extras": 0,
                "total": 1
              }
            },
            {
              "batter": "JN Morgan",
              "bowler": "SJ Bruce",
              "non_striker": "K Ferron",
              "runs": {
                "batter": 0,
                "extras": 0,
                "total": 0
              }
            },
            {
              "batter": "JN Morgan",
              "bowler": "SJ Bruce",
              "extras": {
                "wides": 1
              },
              "non_striker": "K Ferron",
              "runs": {
                "batter": 0,
                "extras": 1,
                "total": 1
              }
            },
            {
              "batter": "JN Morgan",
              "bowler": "SJ Bruce",
              "extras": {
                "wides": 1
              },
              "non_striker": "K Ferron",
              "runs": {
                "batter": 0,
                "extras": 1,
                "total": 1
              }
            },
            {
              "batter": "JN Morgan",
              "bowler": "SJ Bruce",
              "non_striker": "K Ferron",
              "runs": {
                "batter": 4,
                "extras": 0,
                "total": 4
              }
            },
            {
              "batter": "JN Morgan",
              "bowler": "SJ Bruce",
              "non_striker": "K Ferron",
              "runs": {
                "batter": 4,
                "extras": 0,
                "total": 4
              }
            }
          ]
        },
        {
          "over": 7,
          "deliveries": [
            {
              "batter": "K Ferron",
              "bowler": "A Williams",
              "non_striker": "JN Morgan",
              "runs": {
                "batter": 1,
                "extras": 0,
                "total": 1
              }
            },
            {
              "batter": "JN Morgan",
              "bowler": "A Williams",
              "non_striker": "K Ferron",
              "runs": {
                "batter": 0,
                "extras": 0,
                "total": 0
              },
              "wickets": [
                {
                  "player_out": "JN Morgan",
                  "fielders": [
                    {
                      "name": "S Carrington"
                    }
                  ],
                  "kind": "caught"
                }
              ]
            },
            {
              "batter": "SR Taylor",
              "bowler": "A Williams",
              "non_striker": "K Ferron",
              "runs": {
                "batter": 0,
                "extras": 0,
                "total": 0
              }
            },
            {
              "batter": "SR Taylor",
              "bowler": "A Williams",
              "non_striker": "K Ferron",
              "runs": {
                "batter": 0,
                "extras": 0,
                "total": 0
              }
            },
            {
              "batter": "SR Taylor",
              "bowler": "A Williams",
              "non_striker": "K Ferron",
              "runs": {
                "batter": 4,
                "extras": 0,
                "total": 4
              }
            },
            {
              "batter": "SR Taylor",
              "bowler": "A Williams",
              "non_striker": "K Ferron",
              "runs": {
                "batter": 0,
                "extras": 0,
                "total": 0
              }
            }
          ]
        },
        {
          "over": 8,
          "deliveries": [
            {
              "batter": "K Ferron",
              "bowler": "SJ Bruce",
              "non_striker": "SR Taylor",
              "runs": {
                "batter": 0,
                "extras": 0,
                "total": 0
              }
            },
            {
              "batter": "K Ferron",
              "bowler": "SJ Bruce",
              "non_striker": "SR Taylor",
              "runs": {
                "batter": 1,
                "extras": 0,
                "total": 1
              }
            },
            {
              "batter": "SR Taylor",
              "bowler": "SJ Bruce",
              "non_striker": "K Ferron",
              "runs": {
                "batter": 0,
                "extras": 0,
                "total": 0
              }
            },
            {
              "batter": "SR Taylor",
              "bowler": "SJ Bruce",
              "extras": {
                "wides": 1
              },
              "non_striker": "K Ferron",
              "runs": {
                "batter": 0,
                "extras": 1,
                "total": 1
              }
            },
            {
              "batter": "SR Taylor",
              "bowler": "SJ Bruce",
              "non_striker": "K Ferron",
              "runs": {
                "batter": 4,
                "extras": 0,
                "total": 4
              }
            },
            {
              "batter": "SR Taylor",
              "bowler": "SJ Bruce",
              "non_striker": "K Ferron",
              "runs": {
                "batter": 1,
                "extras": 0,
                "total": 1
              }
            },
            {
              "batter": "K Ferron",
              "bowler": "SJ Bruce",
              "non_striker": "SR Taylor",
              "runs": {
                "batter": 0,
                "extras": 0,
                "total": 0
              }
            }
          ]
        },
        {
          "over": 9,
          "deliveries": [
            {
              "batter": "SR Taylor",
              "bowler": "A Williams",
              "non_striker": "K Ferron",
              "runs": {
                "batter": 0,
                "extras": 0,
                "total": 0
              }
            },
            {
              "batter": "SR Taylor",
              "bowler": "A Williams",
              "extras": {
                "wides": 1
              },
              "non_striker": "K Ferron",
              "runs": {
                "batter": 0,
                "extras": 1,
                "total": 1
              }
            },
            {
              "batter": "SR Taylor",
              "bowler": "A Williams",
              "non_striker": "K Ferron",
              "runs": {
                "batter": 1,
                "extras": 0,
                "total": 1
              }
            },
            {
              "batter": "K Ferron",
              "bowler": "A Williams",
              "non_striker": "SR Taylor",
              "runs": {
                "batter": 1,
                "extras": 0,
                "total": 1
              }
            },
            {
              "batter": "SR Taylor",
              "bowler": "A Williams",
              "non_striker": "K Ferron",
              "runs": {
                "batter": 0,
                "extras": 0,
                "total": 0
              }
            },
            {
              "batter": "SR Taylor",
              "bowler": "A Williams",
              "extras": {
                "wides": 1
              },
              "non_striker": "K Ferron",
              "runs": {
                "batter": 0,
                "extras": 1,
                "total": 1
              }
            },
            {
              "batter": "SR Taylor",
              "bowler": "A Williams",
              "non_striker": "K Ferron",
              "runs": {
                "batter": 0,
                "extras": 0,
                "total": 0
              }
            },
            {
              "batter": "SR Taylor",
              "bowler": "A Williams",
              "non_striker": "K Ferron",
              "runs": {
                "batter": 2,
                "extras": 0,
                "total": 2
              }
            }
          ]
        },
        {
          "over": 10,
          "deliveries": [
            {
              "batter": "K Ferron",
              "bowler": "HK Matthews",
              "non_striker": "SR Taylor",
              "runs": {
                "batter": 0,
                "extras": 0,
                "total": 0
              }
            },
            {
              "batter": "K Ferron",
              "bowler": "HK Matthews",
              "non_striker": "SR Taylor",
              "runs": {
                "batter": 0,
                "extras": 0,
                "total": 0
              }
            },
            {
              "batter": "K Ferron",
              "bowler": "HK Matthews",
              "non_striker": "SR Taylor",
              "runs": {
                "batter": 1,
                "extras": 0,
                "total": 1
              }
            },
            {
              "batter": "SR Taylor",
              "bowler": "HK Matthews",
              "non_striker": "K Ferron",
              "runs": {
                "batter": 0,
                "extras": 0,
                "total": 0
              }
            },
            {
              "batter": "SR Taylor",
              "bowler": "HK Matthews",
              "non_striker": "K Ferron",
              "runs": {
                "batter": 0,
                "extras": 0,
                "total": 0
              }
            },
            {
              "batter": "SR Taylor",
              "bowler": "HK Matthews",
              "non_striker": "K Ferron",
              "runs": {
                "batter": 1,
                "extras": 0,
                "total": 1
              }
            }
          ]
        },
        {
          "over": 11,
          "deliveries": [
            {
              "batter": "SR Taylor",
              "bowler": "A Williams",
              "non_striker": "K Ferron",
              "runs": {
                "batter": 4,
                "extras": 0,
                "total": 4
              }
            },
            {
              "batter": "SR Taylor",
              "bowler": "A Williams",
              "non_striker": "K Ferron",
              "runs": {
                "batter": 0,
                "extras": 0,
                "total": 0
              }
            },
            {
              "batter": "SR Taylor",
              "bowler": "A Williams",
              "non_striker": "K Ferron",
              "runs": {
                "batter": 4,
                "extras": 0,
                "total": 4
              }
            },
            {
              "batter": "SR Taylor",
              "bowler": "A Williams",
              "extras": {
                "wides": 1
              },
              "non_striker": "K Ferron",
              "runs": {
                "batter": 0,
                "extras": 1,
                "total": 1
              }
            },
            {
              "batter": "SR Taylor",
              "bowler": "A Williams",
              "non_striker": "K Ferron",
              "runs": {
                "batter": 0,
                "extras": 0,
                "total": 0
              }
            },
            {
              "batter": "SR Taylor",
              "bowler": "A Williams",
              "non_striker": "K Ferron",
              "runs": {
                "batter": 1,
                "extras": 0,
                "total": 1
              }
            },
            {
              "batter": "K Ferron",
              "bowler": "A Williams",
              "extras": {
                "byes": 1
              },
              "non_striker": "SR Taylor",
              "runs": {
                "batter": 0,
                "extras": 1,
                "total": 1
              }
            }
          ]
        },
        {
          "over": 12,
          "deliveries": [
            {
              "batter": "K Ferron",
              "bowler": "HK Matthews",
              "non_striker": "SR Taylor",
              "runs": {
                "batter": 0,
                "extras": 0,
                "total": 0
              }
            },
            {
              "batter": "K Ferron",
              "bowler": "HK Matthews",
              "non_striker": "SR Taylor",
              "runs": {
                "batter": 1,
                "extras": 0,
                "total": 1
              }
            },
            {
              "batter": "SR Taylor",
              "bowler": "HK Matthews",
              "non_striker": "K Ferron",
              "runs": {
                "batter": 0,
                "extras": 0,
                "total": 0
              }
            },
            {
              "batter": "SR Taylor",
              "bowler": "HK Matthews",
              "non_striker": "K Ferron",
              "runs": {
                "batter": 0,
                "extras": 0,
                "total": 0
              }
            },
            {
              "batter": "SR Taylor",
              "bowler": "HK Matthews",
              "non_striker": "K Ferron",
              "runs": {
                "batter": 0,
                "extras": 0,
                "total": 0
              }
            },
            {
              "batter": "SR Taylor",
              "bowler": "HK Matthews",
              "non_striker": "K Ferron",
              "runs": {
                "batter": 1,
                "extras": 0,
                "total": 1
              }
            }
          ]
        },
        {
          "over": 13,
          "deliveries": [
            {
              "batter": "SR Taylor",
              "bowler": "A Williams",
              "non_striker": "K Ferron",
              "runs": {
                "batter": 0,
                "extras": 0,
                "total": 0
              }
            },
            {
              "batter": "SR Taylor",
              "bowler": "A Williams",
              "non_striker": "K Ferron",
              "runs": {
                "batter": 0,
                "extras": 0,
                "total": 0
              }
            },
            {
              "batter": "SR Taylor",
              "bowler": "A Williams",
              "non_striker": "K Ferron",
              "runs": {
                "batter": 0,
                "extras": 0,
                "total": 0
              }
            },
            {
              "batter": "SR Taylor",
              "bowler": "A Williams",
              "non_striker": "K Ferron",
              "runs": {
                "batter": 0,
                "extras": 0,
                "total": 0
              }
            },
            {
              "batter": "SR Taylor",
              "bowler": "A Williams",
              "non_striker": "K Ferron",
              "runs": {
                "batter": 1,
                "extras": 0,
                "total": 1
              }
            },
            {
              "batter": "K Ferron",
              "bowler": "A Williams",
              "extras": {
                "byes": 1
              },
              "non_striker": "SR Taylor",
              "runs": {
                "batter": 0,
                "extras": 1,
                "total": 1
              }
            }
          ]
        },
        {
          "over": 14,
          "deliveries": [
            {
              "batter": "K Ferron",
              "bowler": "HK Matthews",
              "non_striker": "SR Taylor",
              "runs": {
                "batter": 0,
                "extras": 0,
                "total": 0
              }
            },
            {
              "batter": "K Ferron",
              "bowler": "HK Matthews",
              "non_striker": "SR Taylor",
              "runs": {
                "batter": 0,
                "extras": 0,
                "total": 0
              }
            },
            {
              "batter": "K Ferron",
              "bowler": "HK Matthews",
              "non_striker": "SR Taylor",
              "runs": {
                "batter": 0,
                "extras": 0,
                "total": 0
              },
              "wickets": [
                {
                  "player_out": "K Ferron",
                  "kind": "lbw"
                }
              ]
            },
            {
              "batter": "NY McLean",
              "bowler": "HK Matthews",
              "non_striker": "SR Taylor",
              "runs": {
                "batter": 0,
                "extras": 0,
                "total": 0
              }
            },
            {
              "batter": "NY McLean",
              "bowler": "HK Matthews",
              "non_striker": "SR Taylor",
              "runs": {
                "batter": 0,
                "extras": 0,
                "total": 0
              }
            },
            {
              "batter": "NY McLean",
              "bowler": "HK Matthews",
              "non_striker": "SR Taylor",
              "runs": {
                "batter": 0,
                "extras": 0,
                "total": 0
              }
            }
          ]
        },
        {
          "over": 15,
          "deliveries": [
            {
              "batter": "SR Taylor",
              "bowler": "A Williams",
              "non_striker": "NY McLean",
              "runs": {
                "batter": 0,
                "extras": 0,
                "total": 0
              }
            },
            {
              "batter": "SR Taylor",
              "bowler": "A Williams",
              "non_striker": "NY McLean",
              "runs": {
                "batter": 0,
                "extras": 0,
                "total": 0
              }
            },
            {
              "batter": "SR Taylor",
              "bowler": "A Williams",
              "non_striker": "NY McLean",
              "runs": {
                "batter": 0,
                "extras": 0,
                "total": 0
              }
            },
            {
              "batter": "SR Taylor",
              "bowler": "A Williams",
              "non_striker": "NY McLean",
              "runs": {
                "batter": 1,
                "extras": 0,
                "total": 1
              }
            },
            {
              "batter": "NY McLean",
              "bowler": "A Williams",
              "non_striker": "SR Taylor",
              "runs": {
                "batter": 2,
                "extras": 0,
                "total": 2
              }
            },
            {
              "batter": "NY McLean",
              "bowler": "A Williams",
              "non_striker": "SR Taylor",
              "runs": {
                "batter": 0,
                "extras": 0,
                "total": 0
              }
            }
          ]
        },
        {
          "over": 16,
          "deliveries": [
            {
              "batter": "SR Taylor",
              "bowler": "SC Selman",
              "non_striker": "NY McLean",
              "runs": {
                "batter": 0,
                "extras": 0,
                "total": 0
              }
            },
            {
              "batter": "SR Taylor",
              "bowler": "SC Selman",
              "non_striker": "NY McLean",
              "runs": {
                "batter": 0,
                "extras": 0,
                "total": 0
              }
            },
            {
              "batter": "SR Taylor",
              "bowler": "SC Selman",
              "non_striker": "NY McLean",
              "runs": {
                "batter": 0,
                "extras": 0,
                "total": 0
              }
            },
            {
              "batter": "SR Taylor",
              "bowler": "SC Selman",
              "non_striker": "NY McLean",
              "runs": {
                "batter": 1,
                "extras": 0,
                "total": 1
              }
            },
            {
              "batter": "NY McLean",
              "bowler": "SC Selman",
              "non_striker": "SR Taylor",
              "runs": {
                "batter": 1,
                "extras": 0,
                "total": 1
              }
            },
            {
              "batter": "SR Taylor",
              "bowler": "SC Selman",
              "non_striker": "NY McLean",
              "runs": {
                "batter": 0,
                "extras": 0,
                "total": 0
              }
            }
          ]
        },
        {
          "over": 17,
          "deliveries": [
            {
              "batter": "NY McLean",
              "bowler": "HK Matthews",
              "non_striker": "SR Taylor",
              "runs": {
                "batter": 0,
                "extras": 0,
                "total": 0
              }
            },
            {
              "batter": "NY McLean",
              "bowler": "HK Matthews",
              "non_striker": "SR Taylor",
              "runs": {
                "batter": 0,
                "extras": 0,
                "total": 0
              }
            },
            {
              "batter": "NY McLean",
              "bowler": "HK Matthews",
              "non_striker": "SR Taylor",
              "runs": {
                "batter": 1,
                "extras": 0,
                "total": 1
              }
            },
            {
              "batter": "SR Taylor",
              "bowler": "HK Matthews",
              "non_striker": "NY McLean",
              "runs": {
                "batter": 0,
                "extras": 0,
                "total": 0
              }
            },
            {
              "batter": "SR Taylor",
              "bowler": "HK Matthews",
              "non_striker": "NY McLean",
              "runs": {
                "batter": 1,
                "extras": 0,
                "total": 1
              }
            },
            {
              "batter": "NY McLean",
              "bowler": "HK Matthews",
              "non_striker": "SR Taylor",
              "runs": {
                "batter": 0,
                "extras": 0,
                "total": 0
              }
            }
          ]
        },
        {
          "over": 18,
          "deliveries": [
            {
              "batter": "SR Taylor",
              "bowler": "SC Selman",
              "non_striker": "NY McLean",
              "runs": {
                "batter": 1,
                "extras": 0,
                "total": 1
              }
            },
            {
              "batter": "NY McLean",
              "bowler": "SC Selman",
              "non_striker": "SR Taylor",
              "runs": {
                "batter": 1,
                "extras": 0,
                "total": 1
              }
            },
            {
              "batter": "SR Taylor",
              "bowler": "SC Selman",
              "extras": {
                "noballs": 1
              },
              "non_striker": "NY McLean",
              "runs": {
                "batter": 2,
                "extras": 1,
                "total": 3
              }
            },
            {
              "batter": "SR Taylor",
              "bowler": "SC Selman",
              "non_striker": "NY McLean",
              "runs": {
                "batter": 1,
                "extras": 0,
                "total": 1
              }
            },
            {
              "batter": "NY McLean",
              "bowler": "SC Selman",
              "non_striker": "SR Taylor",
              "runs": {
                "batter": 1,
                "extras": 0,
                "total": 1
              }
            },
            {
              "batter": "SR Taylor",
              "bowler": "SC Selman",
              "non_striker": "NY McLean",
              "runs": {
                "batter": 1,
                "extras": 0,
                "total": 1
              }
            },
            {
              "batter": "NY McLean",
              "bowler": "SC Selman",
              "non_striker": "SR Taylor",
              "runs": {
                "batter": 1,
                "extras": 0,
                "total": 1
              }
            }
          ]
        },
        {
          "over": 19,
          "deliveries": [
            {
              "batter": "NY McLean",
              "bowler": "HK Matthews",
              "non_striker": "SR Taylor",
              "runs": {
                "batter": 0,
                "extras": 0,
                "total": 0
              }
            },
            {
              "batter": "NY McLean",
              "bowler": "HK Matthews",
              "non_striker": "SR Taylor",
              "runs": {
                "batter": 6,
                "extras": 0,
                "total": 6
              }
            },
            {
              "batter": "NY McLean",
              "bowler": "HK Matthews",
              "non_striker": "SR Taylor",
              "runs": {
                "batter": 0,
                "extras": 0,
                "total": 0
              }
            },
            {
              "batter": "NY McLean",
              "bowler": "HK Matthews",
              "non_striker": "SR Taylor",
              "runs": {
                "batter": 1,
                "extras": 0,
                "total": 1
              }
            },
            {
              "batter": "SR Taylor",
              "bowler": "HK Matthews",
              "non_striker": "NY McLean",
              "runs": {
                "batter": 0,
                "extras": 0,
                "total": 0
              }
            },
            {
              "batter": "SR Taylor",
              "bowler": "HK Matthews",
              "non_striker": "NY McLean",
              "runs": {
                "batter": 0,
                "extras": 0,
                "total": 0
              }
            }
          ]
        },
        {
          "over": 20,
          "deliveries": [
            {
              "batter": "NY McLean",
              "bowler": "SC Selman",
              "non_striker": "SR Taylor",
              "runs": {
                "batter": 0,
                "extras": 0,
                "total": 0
              }
            },
            {
              "batter": "NY McLean",
              "bowler": "SC Selman",
              "non_striker": "SR Taylor",
              "runs": {
                "batter": 2,
                "extras": 0,
                "total": 2
              }
            },
            {
              "batter": "NY McLean",
              "bowler": "SC Selman",
              "non_striker": "SR Taylor",
              "runs": {
                "batter": 0,
                "extras": 0,
                "total": 0
              }
            },
            {
              "batter": "NY McLean",
              "bowler": "SC Selman",
              "non_striker": "SR Taylor",
              "runs": {
                "batter": 1,
                "extras": 0,
                "total": 1
              }
            },
            {
              "batter": "SR Taylor",
              "bowler": "SC Selman",
              "non_striker": "NY McLean",
              "runs": {
                "batter": 1,
                "extras": 0,
                "total": 1
              }
            },
            {
              "batter": "NY McLean",
              "bowler": "SC Selman",
              "non_striker": "SR Taylor",
              "runs": {
                "batter": 2,
                "extras": 0,
                "total": 2
              }
            }
          ]
        },
        {
          "over": 21,
          "deliveries": [
            {
              "batter": "SR Taylor",
              "bowler": "HK Matthews",
              "non_striker": "NY McLean",
              "runs": {
                "batter": 1,
                "extras": 0,
                "total": 1
              }
            },
            {
              "batter": "NY McLean",
              "bowler": "HK Matthews",
              "non_striker": "SR Taylor",
              "runs": {
                "batter": 0,
                "extras": 0,
                "total": 0
              },
              "wickets": [
                {
                  "player_out": "NY McLean",
                  "fielders": [
                    {
                      "name": "S Carrington"
                    }
                  ],
                  "kind": "caught"
                }
              ]
            },
            {
              "batter": "SR Taylor",
              "bowler": "HK Matthews",
              "non_striker": "CA Henry",
              "runs": {
                "batter": 0,
                "extras": 0,
                "total": 0
              }
            },
            {
              "batter": "SR Taylor",
              "bowler": "HK Matthews",
              "non_striker": "CA Henry",
              "runs": {
                "batter": 1,
                "extras": 0,
                "total": 1
              }
            },
            {
              "batter": "CA Henry",
              "bowler": "HK Matthews",
              "non_striker": "SR Taylor",
              "runs": {
                "batter": 1,
                "extras": 0,
                "total": 1
              }
            },
            {
              "batter": "SR Taylor",
              "bowler": "HK Matthews",
              "non_striker": "CA Henry",
              "runs": {
                "batter": 0,
                "extras": 0,
                "total": 0
              }
            }
          ]
        },
        {
          "over": 22,
          "deliveries": [
            {
              "batter": "CA Henry",
              "bowler": "SC Selman",
              "non_striker": "SR Taylor",
              "runs": {
                "batter": 0,
                "extras": 0,
                "total": 0
              }
            },
            {
              "batter": "CA Henry",
              "bowler": "SC Selman",
              "non_striker": "SR Taylor",
              "runs": {
                "batter": 0,
                "extras": 0,
                "total": 0
              }
            },
            {
              "batter": "CA Henry",
              "bowler": "SC Selman",
              "non_striker": "SR Taylor",
              "runs": {
                "batter": 1,
                "extras": 0,
                "total": 1
              }
            },
            {
              "batter": "SR Taylor",
              "bowler": "SC Selman",
              "extras": {
                "legbyes": 1
              },
              "non_striker": "CA Henry",
              "runs": {
                "batter": 0,
                "extras": 1,
                "total": 1
              }
            },
            {
              "batter": "CA Henry",
              "bowler": "SC Selman",
              "non_striker": "SR Taylor",
              "runs": {
                "batter": 0,
                "extras": 0,
                "total": 0
              }
            },
            {
              "batter": "CA Henry",
              "bowler": "SC Selman",
              "non_striker": "SR Taylor",
              "runs": {
                "batter": 1,
                "extras": 0,
                "total": 1
              }
            }
          ]
        },
        {
          "over": 23,
          "deliveries": [
            {
              "batter": "CA Henry",
              "bowler": "AA Alleyne",
              "non_striker": "SR Taylor",
              "runs": {
                "batter": 1,
                "extras": 0,
                "total": 1
              }
            },
            {
              "batter": "SR Taylor",
              "bowler": "AA Alleyne",
              "non_striker": "CA Henry",
              "runs": {
                "batter": 2,
                "extras": 0,
                "total": 2
              }
            },
            {
              "batter": "SR Taylor",
              "bowler": "AA Alleyne",
              "non_striker": "CA Henry",
              "runs": {
                "batter": 1,
                "extras": 0,
                "total": 1
              }
            },
            {
              "batter": "CA Henry",
              "bowler": "AA Alleyne",
              "extras": {
                "wides": 1
              },
              "non_striker": "SR Taylor",
              "runs": {
                "batter": 0,
                "extras": 1,
                "total": 1
              }
            },
            {
              "batter": "CA Henry",
              "bowler": "AA Alleyne",
              "extras": {
                "wides": 1
              },
              "non_striker": "SR Taylor",
              "runs": {
                "batter": 0,
                "extras": 1,
                "total": 1
              }
            },
            {
              "batter": "CA Henry",
              "bowler": "AA Alleyne",
              "non_striker": "SR Taylor",
              "runs": {
                "batter": 2,
                "extras": 0,
                "total": 2
              }
            },
            {
              "batter": "CA Henry",
              "bowler": "AA Alleyne",
              "non_striker": "SR Taylor",
              "runs": {
                "batter": 0,
                "extras": 0,
                "total": 0
              }
            },
            {
              "batter": "CA Henry",
              "bowler": "AA Alleyne",
              "non_striker": "SR Taylor",
              "runs": {
                "batter": 1,
                "extras": 0,
                "total": 1
              }
            }
          ]
        },
        {
          "over": 24,
          "deliveries": [
            {
              "batter": "CA Henry",
              "bowler": "SC Selman",
              "non_striker": "SR Taylor",
              "runs": {
                "batter": 0,
                "extras": 0,
                "total": 0
              },
              "wickets": [
                {
                  "player_out": "CA Henry",
                  "fielders": [
                    {
                      "name": "HK Matthews"
                    }
                  ],
                  "kind": "run out"
                }
              ]
            },
            {
              "batter": "SR Taylor",
              "bowler": "SC Selman",
              "non_striker": "JE Walcott",
              "runs": {
                "batter": 1,
                "extras": 0,
                "total": 1
              }
            },
            {
              "batter": "JE Walcott",
              "bowler": "SC Selman",
              "non_striker": "SR Taylor",
              "runs": {
                "batter": 1,
                "extras": 0,
                "total": 1
              }
            },
            {
              "batter": "SR Taylor",
              "bowler": "SC Selman",
              "non_striker": "JE Walcott",
              "runs": {
                "batter": 4,
                "extras": 0,
                "total": 4
              }
            },
            {
              "batter": "SR Taylor",
              "bowler": "SC Selman",
              "non_striker": "JE Walcott",
              "runs": {
                "batter": 1,
                "extras": 0,
                "total": 1
              }
            },
            {
              "batter": "JE Walcott",
              "bowler": "SC Selman",
              "non_striker": "SR Taylor",
              "runs": {
                "batter": 1,
                "extras": 0,
                "total": 1
              }
            }
          ]
        },
        {
          "over": 25,
          "deliveries": [
            {
              "batter": "JE Walcott",
              "bowler": "AA Alleyne",
              "non_striker": "SR Taylor",
              "runs": {
                "batter": 0,
                "extras": 0,
                "total": 0
              },
              "wickets": [
                {
                  "player_out": "JE Walcott",
                  "kind": "bowled"
                }
              ]
            },
            {
              "batter": "TR Sanford",
              "bowler": "AA Alleyne",
              "non_striker": "SR Taylor",
              "runs": {
                "batter": 4,
                "extras": 0,
                "total": 4
              }
            },
            {
              "batter": "TR Sanford",
              "bowler": "AA Alleyne",
              "non_striker": "SR Taylor",
              "runs": {
                "batter": 0,
                "extras": 0,
                "total": 0
              },
              "wickets": [
                {
                  "player_out": "SR Taylor",
                  "fielders": [
                    {
                      "name": "Kycia A Knight"
                    }
                  ],
                  "kind": "run out"
                }
              ]
            },
            {
              "batter": "VN Watts",
              "bowler": "AA Alleyne",
              "non_striker": "TR Sanford",
              "runs": {
                "batter": 0,
                "extras": 0,
                "total": 0
              }
            },
            {
              "batter": "VN Watts",
              "bowler": "AA Alleyne",
              "non_striker": "TR Sanford",
              "runs": {
                "batter": 1,
                "extras": 0,
                "total": 1
              }
            },
            {
              "batter": "TR Sanford",
              "bowler": "AA Alleyne",
              "non_striker": "VN Watts",
              "runs": {
                "batter": 1,
                "extras": 0,
                "total": 1
              },
              "wickets": [
                {
                  "player_out": "TR Sanford",
                  "fielders": [
                    {
                      "name": "Kyshona A Knight"
                    },
                    {
                      "name": "AA Alleyne"
                    }
                  ],
                  "kind": "run out"
                }
              ]
            }
          ]
        }
      ],
      "powerplays": [
        {
          "from": 0.1,
          "to": 5.6,
          "type": "mandatory"
        }
      ]
    },
    {
      "team": "Barbados",
      "overs": [
        {
          "over": 0,
          "deliveries": [
            {
              "batter": "Kycia A Knight",
              "bowler": "CA Henry",
              "non_striker": "HK Matthews",
              "runs": {
                "batter": 0,
                "extras": 0,
                "total": 0
              }
            },
            {
              "batter": "Kycia A Knight",
              "bowler": "CA Henry",
              "non_striker": "HK Matthews",
              "runs": {
                "batter": 0,
                "extras": 0,
                "total": 0
              }
            },
            {
              "batter": "Kycia A Knight",
              "bowler": "CA Henry",
              "non_striker": "HK Matthews",
              "runs": {
                "batter": 4,
                "extras": 0,
                "total": 4
              }
            },
            {
              "batter": "Kycia A Knight",
              "bowler": "CA Henry",
              "non_striker": "HK Matthews",
              "runs": {
                "batter": 4,
                "extras": 0,
                "total": 4
              }
            },
            {
              "batter": "Kycia A Knight",
              "bowler": "CA Henry",
              "non_striker": "HK Matthews",
              "runs": {
                "batter": 0,
                "extras": 0,
                "total": 0
              }
            },
            {
              "batter": "Kycia A Knight",
              "bowler": "CA Henry",
              "non_striker": "HK Matthews",
              "runs": {
                "batter": 0,
                "extras": 0,
                "total": 0
              }
            }
          ]
        },
        {
          "over": 1,
          "deliveries": [
            {
              "batter": "HK Matthews",
              "bowler": "VN Watts",
              "non_striker": "Kycia A Knight",
              "runs": {
                "batter": 0,
                "extras": 0,
                "total": 0
              }
            },
            {
              "batter": "HK Matthews",
              "bowler": "VN Watts",
              "non_striker": "Kycia A Knight",
              "runs": {
                "batter": 0,
                "extras": 0,
                "total": 0
              }
            },
            {
              "batter": "HK Matthews",
              "bowler": "VN Watts",
              "non_striker": "Kycia A Knight",
              "runs": {
                "batter": 0,
                "extras": 0,
                "total": 0
              }
            },
            {
              "batter": "HK Matthews",
              "bowler": "VN Watts",
              "non_striker": "Kycia A Knight",
              "runs": {
                "batter": 0,
                "extras": 0,
                "total": 0
              }
            },
            {
              "batter": "HK Matthews",
              "bowler": "VN Watts",
              "non_striker": "Kycia A Knight",
              "runs": {
                "batter": 1,
                "extras": 0,
                "total": 1
              }
            },
            {
              "batter": "Kycia A Knight",
              "bowler": "VN Watts",
              "extras": {
                "wides": 1
              },
              "non_striker": "HK Matthews",
              "runs": {
                "batter": 0,
                "extras": 1,
                "total": 1
              }
            },
            {
              "batter": "Kycia A Knight",
              "bowler": "VN Watts",
              "non_striker": "HK Matthews",
              "runs": {
                "batter": 1,
                "extras": 0,
                "total": 1
              }
            }
          ]
        },
        {
          "over": 2,
          "deliveries": [
            {
              "batter": "Kycia A Knight",
              "bowler": "CA Henry",
              "non_striker": "HK Matthews",
              "runs": {
                "batter": 0,
                "extras": 0,
                "total": 0
              }
            },
            {
              "batter": "Kycia A Knight",
              "bowler": "CA Henry",
              "extras": {
                "byes": 1
              },
              "non_striker": "HK Matthews",
              "runs": {
                "batter": 0,
                "extras": 1,
                "total": 1
              }
            },
            {
              "batter": "HK Matthews",
              "bowler": "CA Henry",
              "non_striker": "Kycia A Knight",
              "runs": {
                "batter": 1,
                "extras": 0,
                "total": 1
              }
            },
            {
              "batter": "Kycia A Knight",
              "bowler": "CA Henry",
              "non_striker": "HK Matthews",
              "runs": {
                "batter": 1,
                "extras": 0,
                "total": 1
              }
            },
            {
              "batter": "HK Matthews",
              "bowler": "CA Henry",
              "non_striker": "Kycia A Knight",
              "runs": {
                "batter": 4,
                "extras": 0,
                "total": 4
              }
            },
            {
              "batter": "HK Matthews",
              "bowler": "CA Henry",
              "non_striker": "Kycia A Knight",
              "runs": {
                "batter": 0,
                "extras": 0,
                "total": 0
              }
            }
          ]
        },
        {
          "over": 3,
          "deliveries": [
            {
              "batter": "Kycia A Knight",
              "bowler": "VN Watts",
              "non_striker": "HK Matthews",
              "runs": {
                "batter": 0,
                "extras": 0,
                "total": 0
              }
            },
            {
              "batter": "Kycia A Knight",
              "bowler": "VN Watts",
              "non_striker": "HK Matthews",
              "runs": {
                "batter": 1,
                "extras": 0,
                "total": 1
              }
            },
            {
              "batter": "HK Matthews",
              "bowler": "VN Watts",
              "non_striker": "Kycia A Knight",
              "runs": {
                "batter": 1,
                "extras": 0,
                "total": 1
              }
            },
            {
              "batter": "Kycia A Knight",
              "bowler": "VN Watts",
              "non_striker": "HK Matthews",
              "runs": {
                "batter": 0,
                "extras": 0,
                "total": 0
              }
            },
            {
              "batter": "Kycia A Knight",
              "bowler": "VN Watts",
              "non_striker": "HK Matthews",
              "runs": {
                "batter": 0,
                "extras": 0,
                "total": 0
              }
            },
            {
              "batter": "Kycia A Knight",
              "bowler": "VN Watts",
              "non_striker": "HK Matthews",
              "runs": {
                "batter": 0,
                "extras": 0,
                "total": 0
              }
            }
          ]
        },
        {
          "over": 4,
          "deliveries": [
            {
              "batter": "HK Matthews",
              "bowler": "SR Taylor",
              "non_striker": "Kycia A Knight",
              "runs": {
                "batter": 0,
                "extras": 0,
                "total": 0
              }
            },
            {
              "batter": "HK Matthews",
              "bowler": "SR Taylor",
              "extras": {
                "wides": 1
              },
              "non_striker": "Kycia A Knight",
              "runs": {
                "batter": 0,
                "extras": 1,
                "total": 1
              }
            },
            {
              "batter": "HK Matthews",
              "bowler": "SR Taylor",
              "extras": {
                "wides": 1
              },
              "non_striker": "Kycia A Knight",
              "runs": {
                "batter": 0,
                "extras": 1,
                "total": 1
              }
            },
            {
              "batter": "HK Matthews",
              "bowler": "SR Taylor",
              "non_striker": "Kycia A Knight",
              "runs": {
                "batter": 0,
                "extras": 0,
                "total": 0
              }
            },
            {
              "batter": "HK Matthews",
              "bowler": "SR Taylor",
              "non_striker": "Kycia A Knight",
              "runs": {
                "batter": 1,
                "extras": 0,
                "total": 1
              }
            },
            {
              "batter": "Kycia A Knight",
              "bowler": "SR Taylor",
              "extras": {
                "wides": 1
              },
              "non_striker": "HK Matthews",
              "runs": {
                "batter": 0,
                "extras": 1,
                "total": 1
              }
            },
            {
              "batter": "Kycia A Knight",
              "bowler": "SR Taylor",
              "extras": {
                "wides": 3
              },
              "non_striker": "HK Matthews",
              "runs": {
                "batter": 0,
                "extras": 3,
                "total": 3
              }
            },
            {
              "batter": "Kycia A Knight",
              "bowler": "SR Taylor",
              "non_striker": "HK Matthews",
              "runs": {
                "batter": 0,
                "extras": 0,
                "total": 0
              }
            },
            {
              "batter": "Kycia A Knight",
              "bowler": "SR Taylor",
              "non_striker": "HK Matthews",
              "runs": {
                "batter": 1,
                "extras": 0,
                "total": 1
              }
            },
            {
              "batter": "HK Matthews",
              "bowler": "SR Taylor",
              "non_striker": "Kycia A Knight",
              "runs": {
                "batter": 0,
                "extras": 0,
                "total": 0
              }
            }
          ]
        },
        {
          "over": 5,
          "deliveries": [
            {
              "batter": "Kycia A Knight",
              "bowler": "VN Watts",
              "non_striker": "HK Matthews",
              "runs": {
                "batter": 1,
                "extras": 0,
                "total": 1
              }
            },
            {
              "batter": "HK Matthews",
              "bowler": "VN Watts",
              "non_striker": "Kycia A Knight",
              "runs": {
                "batter": 4,
                "extras": 0,
                "total": 4
              }
            },
            {
              "batter": "HK Matthews",
              "bowler": "VN Watts",
              "non_striker": "Kycia A Knight",
              "runs": {
                "batter": 1,
                "extras": 0,
                "total": 1
              }
            },
            {
              "batter": "Kycia A Knight",
              "bowler": "VN Watts",
              "non_striker": "HK Matthews",
              "runs": {
                "batter": 1,
                "extras": 0,
                "total": 1
              }
            },
            {
              "batter": "HK Matthews",
              "bowler": "VN Watts",
              "non_striker": "Kycia A Knight",
              "runs": {
                "batter": 0,
                "extras": 0,
                "total": 0
              }
            },
            {
              "batter": "HK Matthews",
              "bowler": "VN Watts",
              "non_striker": "Kycia A Knight",
              "runs": {
                "batter": 0,
                "extras": 0,
                "total": 0
              }
            }
          ]
        },
        {
          "over": 6,
          "deliveries": [
            {
              "batter": "Kycia A Knight",
              "bowler": "JN Morgan",
              "non_striker": "HK Matthews",
              "runs": {
                "batter": 0,
                "extras": 0,
                "total": 0
              }
            },
            {
              "batter": "Kycia A Knight",
              "bowler": "JN Morgan",
              "non_striker": "HK Matthews",
              "runs": {
                "batter": 0,
                "extras": 0,
                "total": 0
              }
            },
            {
              "batter": "Kycia A Knight",
              "bowler": "JN Morgan",
              "non_striker": "HK Matthews",
              "runs": {
                "batter": 4,
                "extras": 0,
                "total": 4
              }
            },
            {
              "batter": "Kycia A Knight",
              "bowler": "JN Morgan",
              "non_striker": "HK Matthews",
              "runs": {
                "batter": 0,
                "extras": 0,
                "total": 0
              }
            },
            {
              "batter": "Kycia A Knight",
              "bowler": "JN Morgan",
              "non_striker": "HK Matthews",
              "runs": {
                "batter": 0,
                "extras": 0,
                "total": 0
              }
            },
            {
              "batter": "Kycia A Knight",
              "bowler": "JN Morgan",
              "non_striker": "HK Matthews",
              "runs": {
                "batter": 0,
                "extras": 0,
                "total": 0
              }
            }
          ]
        },
        {
          "over": 7,
          "deliveries": [
            {
              "batter": "HK Matthews",
              "bowler": "C Howell",
              "non_striker": "Kycia A Knight",
              "runs": {
                "batter": 1,
                "extras": 0,
                "total": 1
              }
            },
            {
              "batter": "Kycia A Knight",
              "bowler": "C Howell",
              "non_striker": "HK Matthews",
              "runs": {
                "batter": 0,
                "extras": 0,
                "total": 0
              }
            },
            {
              "batter": "Kycia A Knight",
              "bowler": "C Howell",
              "non_striker": "HK Matthews",
              "runs": {
                "batter": 0,
                "extras": 0,
                "total": 0
              }
            },
            {
              "batter": "Kycia A Knight",
              "bowler": "C Howell",
              "non_striker": "HK Matthews",
              "runs": {
                "batter": 0,
                "extras": 0,
                "total": 0
              }
            },
            {
              "batter": "Kycia A Knight",
              "bowler": "C Howell",
              "non_striker": "HK Matthews",
              "runs": {
                "batter": 0,
                "extras": 0,
                "total": 0
              }
            },
            {
              "batter": "Kycia A Knight",
              "bowler": "C Howell",
              "non_striker": "HK Matthews",
              "runs": {
                "batter": 1,
                "extras": 0,
                "total": 1
              }
            }
          ]
        },
        {
          "over": 8,
          "deliveries": [
            {
              "batter": "Kycia A Knight",
              "bowler": "JN Morgan",
              "non_striker": "HK Matthews",
              "runs": {
                "batter": 1,
                "extras": 0,
                "total": 1
              }
            },
            {
              "batter": "HK Matthews",
              "bowler": "JN Morgan",
              "extras": {
                "wides": 1
              },
              "non_striker": "Kycia A Knight",
              "runs": {
                "batter": 0,
                "extras": 1,
                "total": 1
              }
            },
            {
              "batter": "HK Matthews",
              "bowler": "JN Morgan",
              "non_striker": "Kycia A Knight",
              "runs": {
                "batter": 0,
                "extras": 0,
                "total": 0
              }
            },
            {
              "batter": "HK Matthews",
              "bowler": "JN Morgan",
              "non_striker": "Kycia A Knight",
              "runs": {
                "batter": 1,
                "extras": 0,
                "total": 1
              }
            },
            {
              "batter": "Kycia A Knight",
              "bowler": "JN Morgan",
              "non_striker": "HK Matthews",
              "runs": {
                "batter": 1,
                "extras": 0,
                "total": 1
              }
            },
            {
              "batter": "HK Matthews",
              "bowler": "JN Morgan",
              "non_striker": "Kycia A Knight",
              "runs": {
                "batter": 1,
                "extras": 0,
                "total": 1
              }
            },
            {
              "batter": "Kycia A Knight",
              "bowler": "JN Morgan",
              "non_striker": "HK Matthews",
              "runs": {
                "batter": 1,
                "extras": 0,
                "total": 1
              }
            }
          ]
        },
        {
          "over": 9,
          "deliveries": [
            {
              "batter": "Kycia A Knight",
              "bowler": "C Howell",
              "non_striker": "HK Matthews",
              "runs": {
                "batter": 1,
                "extras": 0,
                "total": 1
              }
            },
            {
              "batter": "HK Matthews",
              "bowler": "C Howell",
              "non_striker": "Kycia A Knight",
              "runs": {
                "batter": 2,
                "extras": 0,
                "total": 2
              }
            },
            {
              "batter": "HK Matthews",
              "bowler": "C Howell",
              "non_striker": "Kycia A Knight",
              "runs": {
                "batter": 0,
                "extras": 0,
                "total": 0
              }
            },
            {
              "batter": "HK Matthews",
              "bowler": "C Howell",
              "non_striker": "Kycia A Knight",
              "runs": {
                "batter": 0,
                "extras": 0,
                "total": 0
              }
            },
            {
              "batter": "HK Matthews",
              "bowler": "C Howell",
              "non_striker": "Kycia A Knight",
              "runs": {
                "batter": 1,
                "extras": 0,
                "total": 1
              }
            },
            {
              "batter": "Kycia A Knight",
              "bowler": "C Howell",
              "non_striker": "HK Matthews",
              "runs": {
                "batter": 0,
                "extras": 0,
                "total": 0
              }
            }
          ]
        },
        {
          "over": 10,
          "deliveries": [
            {
              "batter": "HK Matthews",
              "bowler": "CA Henry",
              "non_striker": "Kycia A Knight",
              "runs": {
                "batter": 1,
                "extras": 0,
                "total": 1
              }
            },
            {
              "batter": "Kycia A Knight",
              "bowler": "CA Henry",
              "non_striker": "HK Matthews",
              "runs": {
                "batter": 1,
                "extras": 0,
                "total": 1
              }
            },
            {
              "batter": "HK Matthews",
              "bowler": "CA Henry",
              "non_striker": "Kycia A Knight",
              "runs": {
                "batter": 2,
                "extras": 0,
                "total": 2
              }
            },
            {
              "batter": "HK Matthews",
              "bowler": "CA Henry",
              "non_striker": "Kycia A Knight",
              "runs": {
                "batter": 0,
                "extras": 0,
                "total": 0
              }
            },
            {
              "batter": "HK Matthews",
              "bowler": "CA Henry",
              "non_striker": "Kycia A Knight",
              "runs": {
                "batter": 0,
                "extras": 0,
                "total": 0
              }
            },
            {
              "batter": "HK Matthews",
              "bowler": "CA Henry",
              "non_striker": "Kycia A Knight",
              "runs": {
                "batter": 0,
                "extras": 0,
                "total": 0
              }
            }
          ]
        },
        {
          "over": 11,
          "deliveries": [
            {
              "batter": "Kycia A Knight",
              "bowler": "C Howell",
              "non_striker": "HK Matthews",
              "runs": {
                "batter": 0,
                "extras": 0,
                "total": 0
              }
            },
            {
              "batter": "Kycia A Knight",
              "bowler": "C Howell",
              "non_striker": "HK Matthews",
              "runs": {
                "batter": 0,
                "extras": 0,
                "total": 0
              }
            },
            {
              "batter": "Kycia A Knight",
              "bowler": "C Howell",
              "non_striker": "HK Matthews",
              "runs": {
                "batter": 1,
                "extras": 0,
                "total": 1
              }
            },
            {
              "batter": "HK Matthews",
              "bowler": "C Howell",
              "non_striker": "Kycia A Knight",
              "runs": {
                "batter": 0,
                "extras": 0,
                "total": 0
              },
              "wickets": [
                {
                  "player_out": "HK Matthews",
                  "kind": "bowled"
                }
              ]
            },
            {
              "batter": "Kyshona A Knight",
              "bowler": "C Howell",
              "non_striker": "Kycia A Knight",
              "runs": {
                "batter": 0,
                "extras": 0,
                "total": 0
              }
            },
            {
              "batter": "Kyshona A Knight",
              "bowler": "C Howell",
              "non_striker": "Kycia A Knight",
              "runs": {
                "batter": 0,
                "extras": 0,
                "total": 0
              }
            }
          ]
        },
        {
          "over": 12,
          "deliveries": [
            {
              "batter": "Kycia A Knight",
              "bowler": "SR Taylor",
              "non_striker": "Kyshona A Knight",
              "runs": {
                "batter": 0,
                "extras": 0,
                "total": 0
              }
            },
            {
              "batter": "Kycia A Knight",
              "bowler": "SR Taylor",
              "non_striker": "Kyshona A Knight",
              "runs": {
                "batter": 1,
                "extras": 0,
                "total": 1
              }
            },
            {
              "batter": "Kyshona A Knight",
              "bowler": "SR Taylor",
              "non_striker": "Kycia A Knight",
              "runs": {
                "batter": 0,
                "extras": 0,
                "total": 0
              }
            },
            {
              "batter": "Kyshona A Knight",
              "bowler": "SR Taylor",
              "non_striker": "Kycia A Knight",
              "runs": {
                "batter": 1,
                "extras": 0,
                "total": 1
              }
            },
            {
              "batter": "Kycia A Knight",
              "bowler": "SR Taylor",
              "extras": {
                "wides": 1
              },
              "non_striker": "Kyshona A Knight",
              "runs": {
                "batter": 0,
                "extras": 1,
                "total": 1
              }
            },
            {
              "batter": "Kycia A Knight",
              "bowler": "SR Taylor",
              "non_striker": "Kyshona A Knight",
              "runs": {
                "batter": 1,
                "extras": 0,
                "total": 1
              }
            },
            {
              "batter": "Kyshona A Knight",
              "bowler": "SR Taylor",
              "non_striker": "Kycia A Knight",
              "runs": {
                "batter": 1,
                "extras": 0,
                "total": 1
              }
            }
          ]
        },
        {
          "over": 13,
          "deliveries": [
            {
              "batter": "Kyshona A Knight",
              "bowler": "C Howell",
              "non_striker": "Kycia A Knight",
              "runs": {
                "batter": 1,
                "extras": 0,
                "total": 1
              }
            },
            {
              "batter": "Kycia A Knight",
              "bowler": "C Howell",
              "non_striker": "Kyshona A Knight",
              "runs": {
                "batter": 1,
                "extras": 0,
                "total": 1
              }
            },
            {
              "batter": "Kyshona A Knight",
              "bowler": "C Howell",
              "non_striker": "Kycia A Knight",
              "runs": {
                "batter": 0,
                "extras": 0,
                "total": 0
              }
            },
            {
              "batter": "Kyshona A Knight",
              "bowler": "C Howell",
              "non_striker": "Kycia A Knight",
              "runs": {
                "batter": 0,
                "extras": 0,
                "total": 0
              }
            },
            {
              "batter": "Kyshona A Knight",
              "bowler": "C Howell",
              "non_striker": "Kycia A Knight",
              "runs": {
                "batter": 0,
                "extras": 0,
                "total": 0
              }
            },
            {
              "batter": "Kyshona A Knight",
              "bowler": "C Howell",
              "non_striker": "Kycia A Knight",
              "runs": {
                "batter": 0,
                "extras": 0,
                "total": 0
              }
            }
          ]
        },
        {
          "over": 14,
          "deliveries": [
            {
              "batter": "Kycia A Knight",
              "bowler": "SR Taylor",
              "non_striker": "Kyshona A Knight",
              "runs": {
                "batter": 4,
                "extras": 0,
                "total": 4
              }
            },
            {
              "batter": "Kycia A Knight",
              "bowler": "SR Taylor",
              "non_striker": "Kyshona A Knight",
              "runs": {
                "batter": 1,
                "extras": 0,
                "total": 1
              }
            },
            {
              "batter": "Kyshona A Knight",
              "bowler": "SR Taylor",
              "non_striker": "Kycia A Knight",
              "runs": {
                "batter": 0,
                "extras": 0,
                "total": 0
              }
            },
            {
              "batter": "Kyshona A Knight",
              "bowler": "SR Taylor",
              "non_striker": "Kycia A Knight",
              "runs": {
                "batter": 0,
                "extras": 0,
                "total": 0
              }
            },
            {
              "batter": "Kyshona A Knight",
              "bowler": "SR Taylor",
              "non_striker": "Kycia A Knight",
              "runs": {
                "batter": 0,
                "extras": 0,
                "total": 0
              }
            },
            {
              "batter": "Kyshona A Knight",
              "bowler": "SR Taylor",
              "non_striker": "Kycia A Knight",
              "runs": {
                "batter": 0,
                "extras": 0,
                "total": 0
              }
            }
          ]
        },
        {
          "over": 15,
          "deliveries": [
            {
              "batter": "Kycia A Knight",
              "bowler": "C Howell",
              "non_striker": "Kyshona A Knight",
              "runs": {
                "batter": 0,
                "extras": 0,
                "total": 0
              }
            },
            {
              "batter": "Kycia A Knight",
              "bowler": "C Howell",
              "non_striker": "Kyshona A Knight",
              "runs": {
                "batter": 0,
                "extras": 0,
                "total": 0
              }
            },
            {
              "batter": "Kycia A Knight",
              "bowler": "C Howell",
              "non_striker": "Kyshona A Knight",
              "runs": {
                "batter": 0,
                "extras": 0,
                "total": 0
              }
            },
            {
              "batter": "Kycia A Knight",
              "bowler": "C Howell",
              "non_striker": "Kyshona A Knight",
              "runs": {
                "batter": 0,
                "extras": 0,
                "total": 0
              }
            },
            {
              "batter": "Kycia A Knight",
              "bowler": "C Howell",
              "non_striker": "Kyshona A Knight",
              "runs": {
                "batter": 0,
                "extras": 0,
                "total": 0
              }
            },
            {
              "batter": "Kycia A Knight",
              "bowler": "C Howell",
              "non_striker": "Kyshona A Knight",
              "runs": {
                "batter": 2,
                "extras": 0,
                "total": 2
              }
            }
          ]
        },
        {
          "over": 16,
          "deliveries": [
            {
              "batter": "Kyshona A Knight",
              "bowler": "JN Morgan",
              "extras": {
                "wides": 1
              },
              "non_striker": "Kycia A Knight",
              "runs": {
                "batter": 0,
                "extras": 1,
                "total": 1
              }
            },
            {
              "batter": "Kyshona A Knight",
              "bowler": "JN Morgan",
              "non_striker": "Kycia A Knight",
              "runs": {
                "batter": 0,
                "extras": 0,
                "total": 0
              }
            },
            {
              "batter": "Kyshona A Knight",
              "bowler": "JN Morgan",
              "non_striker": "Kycia A Knight",
              "runs": {
                "batter": 1,
                "extras": 0,
                "total": 1
              }
            },
            {
              "batter": "Kycia A Knight",
              "bowler": "JN Morgan",
              "non_striker": "Kyshona A Knight",
              "runs": {
                "batter": 0,
                "extras": 0,
                "total": 0
              }
            },
            {
              "batter": "Kycia A Knight",
              "bowler": "JN Morgan",
              "non_striker": "Kyshona A Knight",
              "runs": {
                "batter": 1,
                "extras": 0,
                "total": 1
              }
            },
            {
              "batter": "Kyshona A Knight",
              "bowler": "JN Morgan",
              "non_striker": "Kycia A Knight",
              "runs": {
                "batter": 1,
                "extras": 0,
                "total": 1
              }
            },
            {
              "batter": "Kycia A Knight",
              "bowler": "JN Morgan",
              "non_striker": "Kyshona A Knight",
              "runs": {
                "batter": 4,
                "extras": 0,
                "total": 4
              }
            }
          ]
        },
        {
          "over": 17,
          "deliveries": [
            {
              "batter": "Kyshona A Knight",
              "bowler": "C Howell",
              "non_striker": "Kycia A Knight",
              "runs": {
                "batter": 1,
                "extras": 0,
                "total": 1
              }
            },
            {
              "batter": "Kycia A Knight",
              "bowler": "C Howell",
              "non_striker": "Kyshona A Knight",
              "runs": {
                "batter": 3,
                "extras": 0,
                "total": 3
              }
            },
            {
              "batter": "Kyshona A Knight",
              "bowler": "C Howell",
              "non_striker": "Kycia A Knight",
              "runs": {
                "batter": 0,
                "extras": 0,
                "total": 0
              }
            },
            {
              "batter": "Kyshona A Knight",
              "bowler": "C Howell",
              "non_striker": "Kycia A Knight",
              "runs": {
                "batter": 1,
                "extras": 0,
                "total": 1
              }
            },
            {
              "batter": "Kycia A Knight",
              "bowler": "C Howell",
              "non_striker": "Kyshona A Knight",
              "runs": {
                "batter": 2,
                "extras": 0,
                "total": 2
              }
            },
            {
              "batter": "Kycia A Knight",
              "bowler": "C Howell",
              "non_striker": "Kyshona A Knight",
              "runs": {
                "batter": 0,
                "extras": 0,
                "total": 0
              }
            }
          ]
        },
        {
          "over": 18,
          "deliveries": [
            {
              "batter": "Kyshona A Knight",
              "bowler": "JN Morgan",
              "non_striker": "Kycia A Knight",
              "runs": {
                "batter": 1,
                "extras": 0,
                "total": 1
              }
            },
            {
              "batter": "Kycia A Knight",
              "bowler": "JN Morgan",
              "non_striker": "Kyshona A Knight",
              "runs": {
                "batter": 0,
                "extras": 0,
                "total": 0
              }
            },
            {
              "batter": "Kycia A Knight",
              "bowler": "JN Morgan",
              "non_striker": "Kyshona A Knight",
              "runs": {
                "batter": 1,
                "extras": 0,
                "total": 1
              }
            },
            {
              "batter": "Kyshona A Knight",
              "bowler": "JN Morgan",
              "non_striker": "Kycia A Knight",
              "runs": {
                "batter": 4,
                "extras": 0,
                "total": 4
              }
            },
            {
              "batter": "Kyshona A Knight",
              "bowler": "JN Morgan",
              "non_striker": "Kycia A Knight",
              "runs": {
                "batter": 0,
                "extras": 0,
                "total": 0
              }
            },
            {
              "batter": "Kyshona A Knight",
              "bowler": "JN Morgan",
              "non_striker": "Kycia A Knight",
              "runs": {
                "batter": 1,
                "extras": 0,
                "total": 1
              }
            }
          ]
        },
        {
          "over": 19,
          "deliveries": [
            {
              "batter": "Kyshona A Knight",
              "bowler": "VN Watts",
              "non_striker": "Kycia A Knight",
              "runs": {
                "batter": 1,
                "extras": 0,
                "total": 1
              }
            },
            {
              "batter": "Kycia A Knight",
              "bowler": "VN Watts",
              "non_striker": "Kyshona A Knight",
              "runs": {
                "batter": 4,
                "extras": 0,
                "total": 4
              }
            },
            {
              "batter": "Kycia A Knight",
              "bowler": "VN Watts",
              "non_striker": "Kyshona A Knight",
              "runs": {
                "batter": 0,
                "extras": 0,
                "total": 0
              }
            },
            {
              "batter": "Kycia A Knight",
              "bowler": "VN Watts",
              "non_striker": "Kyshona A Knight",
              "runs": {
                "batter": 0,
                "extras": 0,
                "total": 0
              }
            },
            {
              "batter": "Kycia A Knight",
              "bowler": "VN Watts",
              "non_striker": "Kyshona A Knight",
              "runs": {
                "batter": 0,
                "extras": 0,
                "total": 0
              }
            },
            {
              "batter": "Kycia A Knight",
              "bowler": "VN Watts",
              "non_striker": "Kyshona A Knight",
              "runs": {
                "batter": 0,
                "extras": 0,
                "total": 0
              }
            }
          ]
        },
        {
          "over": 20,
          "deliveries": [
            {
              "batter": "Kyshona A Knight",
              "bowler": "CA Henry",
              "non_striker": "Kycia A Knight",
              "runs": {
                "batter": 0,
                "extras": 0,
                "total": 0
              },
              "wickets": [
                {
                  "player_out": "Kyshona A Knight",
                  "kind": "lbw"
                }
              ]
            },
            {
              "batter": "AA Alleyne",
              "bowler": "CA Henry",
              "non_striker": "Kycia A Knight",
              "runs": {
                "batter": 1,
                "extras": 0,
                "total": 1
              }
            },
            {
              "batter": "Kycia A Knight",
              "bowler": "CA Henry",
              "non_striker": "AA Alleyne",
              "runs": {
                "batter": 0,
                "extras": 0,
                "total": 0
              }
            },
            {
              "batter": "Kycia A Knight",
              "bowler": "CA Henry",
              "non_striker": "AA Alleyne",
              "runs": {
                "batter": 2,
                "extras": 0,
                "total": 2
              }
            },
            {
              "batter": "Kycia A Knight",
              "bowler": "CA Henry",
              "non_striker": "AA Alleyne",
              "runs": {
                "batter": 0,
                "extras": 0,
                "total": 0
              }
            },
            {
              "batter": "Kycia A Knight",
              "bowler": "CA Henry",
              "non_striker": "AA Alleyne",
              "runs": {
                "batter": 1,
                "extras": 0,
                "total": 1
              }
            }
          ]
        },
        {
          "over": 21,
          "deliveries": [
            {
              "batter": "Kycia A Knight",
              "bowler": "SR Taylor",
              "non_striker": "AA Alleyne",
              "runs": {
                "batter": 0,
                "extras": 0,
                "total": 0
              }
            },
            {
              "batter": "Kycia A Knight",
              "bowler": "SR Taylor",
              "non_striker": "AA Alleyne",
              "runs": {
                "batter": 1,
                "extras": 0,
                "total": 1
              }
            },
            {
              "batter": "AA Alleyne",
              "bowler": "SR Taylor",
              "non_striker": "Kycia A Knight",
              "runs": {
                "batter": 2,
                "extras": 0,
                "total": 2
              }
            },
            {
              "batter": "AA Alleyne",
              "bowler": "SR Taylor",
              "non_striker": "Kycia A Knight",
              "runs": {
                "batter": 1,
                "extras": 0,
                "total": 1
              }
            },
            {
              "batter": "Kycia A Knight",
              "bowler": "SR Taylor",
              "non_striker": "AA Alleyne",
              "runs": {
                "batter": 0,
                "extras": 0,
                "total": 0
              }
            },
            {
              "batter": "Kycia A Knight",
              "bowler": "SR Taylor",
              "non_striker": "AA Alleyne",
              "runs": {
                "batter": 0,
                "extras": 0,
                "total": 0
              }
            }
          ]
        },
        {
          "over": 22,
          "deliveries": [
            {
              "batter": "AA Alleyne",
              "bowler": "JN Morgan",
              "non_striker": "Kycia A Knight",
              "runs": {
                "batter": 4,
                "extras": 0,
                "total": 4
              }
            },
            {
              "batter": "AA Alleyne",
              "bowler": "JN Morgan",
              "non_striker": "Kycia A Knight",
              "runs": {
                "batter": 1,
                "extras": 0,
                "total": 1
              }
            },
            {
              "batter": "Kycia A Knight",
              "bowler": "JN Morgan",
              "extras": {
                "wides": 1
              },
              "non_striker": "AA Alleyne",
              "runs": {
                "batter": 0,
                "extras": 1,
                "total": 1
              }
            },
            {
              "batter": "Kycia A Knight",
              "bowler": "JN Morgan",
              "non_striker": "AA Alleyne",
              "runs": {
                "batter": 1,
                "extras": 0,
                "total": 1
              }
            },
            {
              "batter": "AA Alleyne",
              "bowler": "JN Morgan",
              "non_striker": "Kycia A Knight",
              "runs": {
                "batter": 0,
                "extras": 0,
                "total": 0
              }
            },
            {
              "batter": "AA Alleyne",
              "bowler": "JN Morgan",
              "non_striker": "Kycia A Knight",
              "runs": {
                "batter": 1,
                "extras": 0,
                "total": 1
              }
            },
            {
              "batter": "Kycia A Knight",
              "bowler": "JN Morgan",
              "non_striker": "AA Alleyne",
              "runs": {
                "batter": 4,
                "extras": 0,
                "total": 4
              }
            }
          ]
        },
        {
          "over": 23,
          "deliveries": [
            {
              "batter": "AA Alleyne",
              "bowler": "VN Watts",
              "non_striker": "Kycia A Knight",
              "runs": {
                "batter": 0,
                "extras": 0,
                "total": 0
              }
            },
            {
              "batter": "AA Alleyne",
              "bowler": "VN Watts",
              "non_striker": "Kycia A Knight",
              "runs": {
                "batter": 1,
                "extras": 0,
                "total": 1
              }
            },
            {
              "batter": "Kycia A Knight",
              "bowler": "VN Watts",
              "non_striker": "AA Alleyne",
              "runs": {
                "batter": 1,
                "extras": 0,
                "total": 1
              }
            },
            {
              "batter": "AA Alleyne",
              "bowler": "VN Watts",
              "non_striker": "Kycia A Knight",
              "runs": {
                "batter": 1,
                "extras": 0,
                "total": 1
              }
            }
          ]
        }
      ],
      "powerplays": [
        {
          "from": 0.1,
          "to": 4.1,
          "type": "mandatory"
        }
      ]
    }
  ]
}